"","PREDIO","PUNTO","ID","ID.REP","REP","sp.names","especies.obs"
"1","CZ","B1","CZB1","CZB11",1,"COLME",3
"2","CZ","B1","CZB1","CZB12",2,"COLME",0
"3","CZ","B2","CZB2","CZB21",1,"COLME",0
"4","CZ","B2","CZB2","CZB22",2,"COLME",0
"5","CZ","B3","CZB3","CZB31",1,"COLME",0
"6","CZ","B3","CZB3","CZB32",2,"COLME",1
"7","CZ","B4","CZB4","CZB41",1,"COLME",0
"8","CZ","B4","CZB4","CZB42",2,"COLME",0
"9","CZ","B5","CZB5","CZB51",1,"COLME",0
"10","CZ","B5","CZB5","CZB52",2,"COLME",0
"11","CZ","B6","CZB6","CZB61",1,"COLME",0
"12","CZ","B6","CZB6","CZB62",2,"COLME",0
"13","CZ","C1","CZC1","CZC11",1,"COLME",0
"14","CZ","C1","CZC1","CZC12",2,"COLME",1
"15","CZ","C2","CZC2","CZC21",1,"COLME",0
"16","CZ","C2","CZC2","CZC22",2,"COLME",1
"17","CZ","C3","CZC3","CZC31",1,"COLME",1
"18","CZ","C3","CZC3","CZC32",2,"COLME",2
"19","CZ","C4","CZC4","CZC41",1,"COLME",0
"20","CZ","C4","CZC4","CZC42",2,"COLME",0
"21","CZ","C5","CZC5","CZC51",1,"COLME",0
"22","CZ","C5","CZC5","CZC52",2,"COLME",0
"23","CZ","C6","CZC6","CZC61",1,"COLME",0
"24","CZ","C6","CZC6","CZC62",2,"COLME",0
"25","ZU","B1","ZUB1","ZUB11",1,"COLME",0
"26","ZU","B1","ZUB1","ZUB12",2,"COLME",0
"27","ZU","B2","ZUB2","ZUB21",1,"COLME",0
"28","ZU","B2","ZUB2","ZUB22",2,"COLME",0
"29","ZU","B3","ZUB3","ZUB31",1,"COLME",0
"30","ZU","B3","ZUB3","ZUB32",2,"COLME",0
"31","ZU","B4","ZUB4","ZUB41",1,"COLME",0
"32","ZU","B4","ZUB4","ZUB42",2,"COLME",0
"33","ZU","B5","ZUB5","ZUB51",1,"COLME",0
"34","ZU","B5","ZUB5","ZUB52",2,"COLME",0
"35","ZU","B6","ZUB6","ZUB61",1,"COLME",0
"36","ZU","B6","ZUB6","ZUB62",2,"COLME",0
"37","ZU","C1","ZUC1","ZUC11",1,"COLME",0
"38","ZU","C1","ZUC1","ZUC12",2,"COLME",0
"39","ZU","C2","ZUC2","ZUC21",1,"COLME",0
"40","ZU","C2","ZUC2","ZUC22",2,"COLME",0
"41","ZU","C3","ZUC3","ZUC31",1,"COLME",0
"42","ZU","C3","ZUC3","ZUC32",2,"COLME",0
"43","ZU","C4","ZUC4","ZUC41",1,"COLME",0
"44","ZU","C4","ZUC4","ZUC42",2,"COLME",0
"45","ZU","C5","ZUC5","ZUC51",1,"COLME",0
"46","ZU","C5","ZUC5","ZUC52",2,"COLME",0
"47","ZU","C6","ZUC6","ZUC61",1,"COLME",0
"48","ZU","C6","ZUC6","ZUC62",2,"COLME",0
"49","TW","B1","TWB1","TWB11",1,"COLME",0
"50","TW","B1","TWB1","TWB12",2,"COLME",0
"51","TW","B2","TWB2","TWB21",1,"COLME",0
"52","TW","B2","TWB2","TWB22",2,"COLME",0
"53","TW","B3","TWB3","TWB31",1,"COLME",0
"54","TW","B3","TWB3","TWB32",2,"COLME",0
"55","TW","B4","TWB4","TWB41",1,"COLME",0
"56","TW","B4","TWB4","TWB42",2,"COLME",0
"57","TW","B5","TWB5","TWB51",1,"COLME",0
"58","TW","B5","TWB5","TWB52",2,"COLME",0
"59","TW","B6","TWB6","TWB61",1,"COLME",0
"60","TW","B6","TWB6","TWB62",2,"COLME",0
"61","TW","C1","TWC1","TWC11",1,"COLME",0
"62","TW","C1","TWC1","TWC12",2,"COLME",0
"63","TW","C2","TWC2","TWC21",1,"COLME",0
"64","TW","C2","TWC2","TWC22",2,"COLME",0
"65","TW","C3","TWC3","TWC31",1,"COLME",0
"66","TW","C3","TWC3","TWC32",2,"COLME",0
"67","TW","C4","TWC4","TWC41",1,"COLME",0
"68","TW","C4","TWC4","TWC42",2,"COLME",0
"69","TW","C5","TWC5","TWC51",1,"COLME",0
"70","TW","C5","TWC5","TWC52",2,"COLME",0
"71","TW","C6","TWC6","TWC61",1,"COLME",0
"72","TW","C6","TWC6","TWC62",2,"COLME",0
"73","CZ","B1","CZB1","CZB11",1,"LEILO",0
"74","CZ","B1","CZB1","CZB12",2,"LEILO",0
"75","CZ","B2","CZB2","CZB21",1,"LEILO",0
"76","CZ","B2","CZB2","CZB22",2,"LEILO",0
"77","CZ","B3","CZB3","CZB31",1,"LEILO",1
"78","CZ","B3","CZB3","CZB32",2,"LEILO",0
"79","CZ","B4","CZB4","CZB41",1,"LEILO",0
"80","CZ","B4","CZB4","CZB42",2,"LEILO",0
"81","CZ","B5","CZB5","CZB51",1,"LEILO",2
"82","CZ","B5","CZB5","CZB52",2,"LEILO",0
"83","CZ","B6","CZB6","CZB61",1,"LEILO",0
"84","CZ","B6","CZB6","CZB62",2,"LEILO",0
"85","CZ","C1","CZC1","CZC11",1,"LEILO",4
"86","CZ","C1","CZC1","CZC12",2,"LEILO",0
"87","CZ","C2","CZC2","CZC21",1,"LEILO",0
"88","CZ","C2","CZC2","CZC22",2,"LEILO",0
"89","CZ","C3","CZC3","CZC31",1,"LEILO",1
"90","CZ","C3","CZC3","CZC32",2,"LEILO",0
"91","CZ","C4","CZC4","CZC41",1,"LEILO",2
"92","CZ","C4","CZC4","CZC42",2,"LEILO",0
"93","CZ","C5","CZC5","CZC51",1,"LEILO",0
"94","CZ","C5","CZC5","CZC52",2,"LEILO",1
"95","CZ","C6","CZC6","CZC61",1,"LEILO",0
"96","CZ","C6","CZC6","CZC62",2,"LEILO",0
"97","ZU","B1","ZUB1","ZUB11",1,"LEILO",0
"98","ZU","B1","ZUB1","ZUB12",2,"LEILO",1
"99","ZU","B2","ZUB2","ZUB21",1,"LEILO",0
"100","ZU","B2","ZUB2","ZUB22",2,"LEILO",1
"101","ZU","B3","ZUB3","ZUB31",1,"LEILO",0
"102","ZU","B3","ZUB3","ZUB32",2,"LEILO",1
"103","ZU","B4","ZUB4","ZUB41",1,"LEILO",2
"104","ZU","B4","ZUB4","ZUB42",2,"LEILO",0
"105","ZU","B5","ZUB5","ZUB51",1,"LEILO",0
"106","ZU","B5","ZUB5","ZUB52",2,"LEILO",0
"107","ZU","B6","ZUB6","ZUB61",1,"LEILO",1
"108","ZU","B6","ZUB6","ZUB62",2,"LEILO",1
"109","ZU","C1","ZUC1","ZUC11",1,"LEILO",0
"110","ZU","C1","ZUC1","ZUC12",2,"LEILO",1
"111","ZU","C2","ZUC2","ZUC21",1,"LEILO",1
"112","ZU","C2","ZUC2","ZUC22",2,"LEILO",0
"113","ZU","C3","ZUC3","ZUC31",1,"LEILO",1
"114","ZU","C3","ZUC3","ZUC32",2,"LEILO",0
"115","ZU","C4","ZUC4","ZUC41",1,"LEILO",0
"116","ZU","C4","ZUC4","ZUC42",2,"LEILO",0
"117","ZU","C5","ZUC5","ZUC51",1,"LEILO",0
"118","ZU","C5","ZUC5","ZUC52",2,"LEILO",1
"119","ZU","C6","ZUC6","ZUC61",1,"LEILO",3
"120","ZU","C6","ZUC6","ZUC62",2,"LEILO",0
"121","TW","B1","TWB1","TWB11",1,"LEILO",0
"122","TW","B1","TWB1","TWB12",2,"LEILO",0
"123","TW","B2","TWB2","TWB21",1,"LEILO",0
"124","TW","B2","TWB2","TWB22",2,"LEILO",0
"125","TW","B3","TWB3","TWB31",1,"LEILO",0
"126","TW","B3","TWB3","TWB32",2,"LEILO",0
"127","TW","B4","TWB4","TWB41",1,"LEILO",0
"128","TW","B4","TWB4","TWB42",2,"LEILO",1
"129","TW","B5","TWB5","TWB51",1,"LEILO",0
"130","TW","B5","TWB5","TWB52",2,"LEILO",0
"131","TW","B6","TWB6","TWB61",1,"LEILO",0
"132","TW","B6","TWB6","TWB62",2,"LEILO",0
"133","TW","C1","TWC1","TWC11",1,"LEILO",0
"134","TW","C1","TWC1","TWC12",2,"LEILO",2
"135","TW","C2","TWC2","TWC21",1,"LEILO",0
"136","TW","C2","TWC2","TWC22",2,"LEILO",1
"137","TW","C3","TWC3","TWC31",1,"LEILO",0
"138","TW","C3","TWC3","TWC32",2,"LEILO",0
"139","TW","C4","TWC4","TWC41",1,"LEILO",0
"140","TW","C4","TWC4","TWC42",2,"LEILO",1
"141","TW","C5","TWC5","TWC51",1,"LEILO",0
"142","TW","C5","TWC5","TWC52",2,"LEILO",0
"143","TW","C6","TWC6","TWC61",1,"LEILO",1
"144","TW","C6","TWC6","TWC62",2,"LEILO",0
"145","CZ","B1","CZB1","CZB11",1,"MIMPA",0
"146","CZ","B1","CZB1","CZB12",2,"MIMPA",0
"147","CZ","B2","CZB2","CZB21",1,"MIMPA",0
"148","CZ","B2","CZB2","CZB22",2,"MIMPA",0
"149","CZ","B3","CZB3","CZB31",1,"MIMPA",0
"150","CZ","B3","CZB3","CZB32",2,"MIMPA",0
"151","CZ","B4","CZB4","CZB41",1,"MIMPA",0
"152","CZ","B4","CZB4","CZB42",2,"MIMPA",0
"153","CZ","B5","CZB5","CZB51",1,"MIMPA",0
"154","CZ","B5","CZB5","CZB52",2,"MIMPA",0
"155","CZ","B6","CZB6","CZB61",1,"MIMPA",0
"156","CZ","B6","CZB6","CZB62",2,"MIMPA",0
"157","CZ","C1","CZC1","CZC11",1,"MIMPA",0
"158","CZ","C1","CZC1","CZC12",2,"MIMPA",0
"159","CZ","C2","CZC2","CZC21",1,"MIMPA",0
"160","CZ","C2","CZC2","CZC22",2,"MIMPA",0
"161","CZ","C3","CZC3","CZC31",1,"MIMPA",0
"162","CZ","C3","CZC3","CZC32",2,"MIMPA",0
"163","CZ","C4","CZC4","CZC41",1,"MIMPA",0
"164","CZ","C4","CZC4","CZC42",2,"MIMPA",0
"165","CZ","C5","CZC5","CZC51",1,"MIMPA",0
"166","CZ","C5","CZC5","CZC52",2,"MIMPA",0
"167","CZ","C6","CZC6","CZC61",1,"MIMPA",0
"168","CZ","C6","CZC6","CZC62",2,"MIMPA",0
"169","ZU","B1","ZUB1","ZUB11",1,"MIMPA",0
"170","ZU","B1","ZUB1","ZUB12",2,"MIMPA",0
"171","ZU","B2","ZUB2","ZUB21",1,"MIMPA",0
"172","ZU","B2","ZUB2","ZUB22",2,"MIMPA",0
"173","ZU","B3","ZUB3","ZUB31",1,"MIMPA",0
"174","ZU","B3","ZUB3","ZUB32",2,"MIMPA",0
"175","ZU","B4","ZUB4","ZUB41",1,"MIMPA",0
"176","ZU","B4","ZUB4","ZUB42",2,"MIMPA",0
"177","ZU","B5","ZUB5","ZUB51",1,"MIMPA",0
"178","ZU","B5","ZUB5","ZUB52",2,"MIMPA",0
"179","ZU","B6","ZUB6","ZUB61",1,"MIMPA",0
"180","ZU","B6","ZUB6","ZUB62",2,"MIMPA",0
"181","ZU","C1","ZUC1","ZUC11",1,"MIMPA",0
"182","ZU","C1","ZUC1","ZUC12",2,"MIMPA",0
"183","ZU","C2","ZUC2","ZUC21",1,"MIMPA",0
"184","ZU","C2","ZUC2","ZUC22",2,"MIMPA",0
"185","ZU","C3","ZUC3","ZUC31",1,"MIMPA",0
"186","ZU","C3","ZUC3","ZUC32",2,"MIMPA",0
"187","ZU","C4","ZUC4","ZUC41",1,"MIMPA",0
"188","ZU","C4","ZUC4","ZUC42",2,"MIMPA",0
"189","ZU","C5","ZUC5","ZUC51",1,"MIMPA",0
"190","ZU","C5","ZUC5","ZUC52",2,"MIMPA",0
"191","ZU","C6","ZUC6","ZUC61",1,"MIMPA",0
"192","ZU","C6","ZUC6","ZUC62",2,"MIMPA",0
"193","TW","B1","TWB1","TWB11",1,"MIMPA",0
"194","TW","B1","TWB1","TWB12",2,"MIMPA",0
"195","TW","B2","TWB2","TWB21",1,"MIMPA",0
"196","TW","B2","TWB2","TWB22",2,"MIMPA",0
"197","TW","B3","TWB3","TWB31",1,"MIMPA",0
"198","TW","B3","TWB3","TWB32",2,"MIMPA",1
"199","TW","B4","TWB4","TWB41",1,"MIMPA",0
"200","TW","B4","TWB4","TWB42",2,"MIMPA",0
"201","TW","B5","TWB5","TWB51",1,"MIMPA",0
"202","TW","B5","TWB5","TWB52",2,"MIMPA",0
"203","TW","B6","TWB6","TWB61",1,"MIMPA",0
"204","TW","B6","TWB6","TWB62",2,"MIMPA",0
"205","TW","C1","TWC1","TWC11",1,"MIMPA",0
"206","TW","C1","TWC1","TWC12",2,"MIMPA",0
"207","TW","C2","TWC2","TWC21",1,"MIMPA",0
"208","TW","C2","TWC2","TWC22",2,"MIMPA",0
"209","TW","C3","TWC3","TWC31",1,"MIMPA",0
"210","TW","C3","TWC3","TWC32",2,"MIMPA",0
"211","TW","C4","TWC4","TWC41",1,"MIMPA",0
"212","TW","C4","TWC4","TWC42",2,"MIMPA",0
"213","TW","C5","TWC5","TWC51",1,"MIMPA",0
"214","TW","C5","TWC5","TWC52",2,"MIMPA",0
"215","TW","C6","TWC6","TWC61",1,"MIMPA",0
"216","TW","C6","TWC6","TWC62",2,"MIMPA",0
"217","CZ","B1","CZB1","CZB11",1,"PASDO",0
"218","CZ","B1","CZB1","CZB12",2,"PASDO",0
"219","CZ","B2","CZB2","CZB21",1,"PASDO",0
"220","CZ","B2","CZB2","CZB22",2,"PASDO",1
"221","CZ","B3","CZB3","CZB31",1,"PASDO",0
"222","CZ","B3","CZB3","CZB32",2,"PASDO",0
"223","CZ","B4","CZB4","CZB41",1,"PASDO",0
"224","CZ","B4","CZB4","CZB42",2,"PASDO",1
"225","CZ","B5","CZB5","CZB51",1,"PASDO",0
"226","CZ","B5","CZB5","CZB52",2,"PASDO",0
"227","CZ","B6","CZB6","CZB61",1,"PASDO",0
"228","CZ","B6","CZB6","CZB62",2,"PASDO",1
"229","CZ","C1","CZC1","CZC11",1,"PASDO",0
"230","CZ","C1","CZC1","CZC12",2,"PASDO",0
"231","CZ","C2","CZC2","CZC21",1,"PASDO",0
"232","CZ","C2","CZC2","CZC22",2,"PASDO",0
"233","CZ","C3","CZC3","CZC31",1,"PASDO",0
"234","CZ","C3","CZC3","CZC32",2,"PASDO",0
"235","CZ","C4","CZC4","CZC41",1,"PASDO",0
"236","CZ","C4","CZC4","CZC42",2,"PASDO",0
"237","CZ","C5","CZC5","CZC51",1,"PASDO",0
"238","CZ","C5","CZC5","CZC52",2,"PASDO",0
"239","CZ","C6","CZC6","CZC61",1,"PASDO",0
"240","CZ","C6","CZC6","CZC62",2,"PASDO",0
"241","ZU","B1","ZUB1","ZUB11",1,"PASDO",0
"242","ZU","B1","ZUB1","ZUB12",2,"PASDO",0
"243","ZU","B2","ZUB2","ZUB21",1,"PASDO",0
"244","ZU","B2","ZUB2","ZUB22",2,"PASDO",0
"245","ZU","B3","ZUB3","ZUB31",1,"PASDO",0
"246","ZU","B3","ZUB3","ZUB32",2,"PASDO",0
"247","ZU","B4","ZUB4","ZUB41",1,"PASDO",0
"248","ZU","B4","ZUB4","ZUB42",2,"PASDO",0
"249","ZU","B5","ZUB5","ZUB51",1,"PASDO",0
"250","ZU","B5","ZUB5","ZUB52",2,"PASDO",0
"251","ZU","B6","ZUB6","ZUB61",1,"PASDO",0
"252","ZU","B6","ZUB6","ZUB62",2,"PASDO",0
"253","ZU","C1","ZUC1","ZUC11",1,"PASDO",0
"254","ZU","C1","ZUC1","ZUC12",2,"PASDO",0
"255","ZU","C2","ZUC2","ZUC21",1,"PASDO",0
"256","ZU","C2","ZUC2","ZUC22",2,"PASDO",0
"257","ZU","C3","ZUC3","ZUC31",1,"PASDO",0
"258","ZU","C3","ZUC3","ZUC32",2,"PASDO",0
"259","ZU","C4","ZUC4","ZUC41",1,"PASDO",0
"260","ZU","C4","ZUC4","ZUC42",2,"PASDO",0
"261","ZU","C5","ZUC5","ZUC51",1,"PASDO",0
"262","ZU","C5","ZUC5","ZUC52",2,"PASDO",0
"263","ZU","C6","ZUC6","ZUC61",1,"PASDO",0
"264","ZU","C6","ZUC6","ZUC62",2,"PASDO",0
"265","TW","B1","TWB1","TWB11",1,"PASDO",0
"266","TW","B1","TWB1","TWB12",2,"PASDO",0
"267","TW","B2","TWB2","TWB21",1,"PASDO",0
"268","TW","B2","TWB2","TWB22",2,"PASDO",0
"269","TW","B3","TWB3","TWB31",1,"PASDO",0
"270","TW","B3","TWB3","TWB32",2,"PASDO",0
"271","TW","B4","TWB4","TWB41",1,"PASDO",0
"272","TW","B4","TWB4","TWB42",2,"PASDO",0
"273","TW","B5","TWB5","TWB51",1,"PASDO",0
"274","TW","B5","TWB5","TWB52",2,"PASDO",0
"275","TW","B6","TWB6","TWB61",1,"PASDO",0
"276","TW","B6","TWB6","TWB62",2,"PASDO",0
"277","TW","C1","TWC1","TWC11",1,"PASDO",0
"278","TW","C1","TWC1","TWC12",2,"PASDO",0
"279","TW","C2","TWC2","TWC21",1,"PASDO",0
"280","TW","C2","TWC2","TWC22",2,"PASDO",0
"281","TW","C3","TWC3","TWC31",1,"PASDO",0
"282","TW","C3","TWC3","TWC32",2,"PASDO",0
"283","TW","C4","TWC4","TWC41",1,"PASDO",0
"284","TW","C4","TWC4","TWC42",2,"PASDO",0
"285","TW","C5","TWC5","TWC51",1,"PASDO",0
"286","TW","C5","TWC5","TWC52",2,"PASDO",0
"287","TW","C6","TWC6","TWC61",1,"PASDO",0
"288","TW","C6","TWC6","TWC62",2,"PASDO",0
"289","CZ","B1","CZB1","CZB11",1,"PATMA",0
"290","CZ","B1","CZB1","CZB12",2,"PATMA",0
"291","CZ","B2","CZB2","CZB21",1,"PATMA",0
"292","CZ","B2","CZB2","CZB22",2,"PATMA",0
"293","CZ","B3","CZB3","CZB31",1,"PATMA",0
"294","CZ","B3","CZB3","CZB32",2,"PATMA",0
"295","CZ","B4","CZB4","CZB41",1,"PATMA",0
"296","CZ","B4","CZB4","CZB42",2,"PATMA",0
"297","CZ","B5","CZB5","CZB51",1,"PATMA",0
"298","CZ","B5","CZB5","CZB52",2,"PATMA",0
"299","CZ","B6","CZB6","CZB61",1,"PATMA",0
"300","CZ","B6","CZB6","CZB62",2,"PATMA",0
"301","CZ","C1","CZC1","CZC11",1,"PATMA",0
"302","CZ","C1","CZC1","CZC12",2,"PATMA",0
"303","CZ","C2","CZC2","CZC21",1,"PATMA",0
"304","CZ","C2","CZC2","CZC22",2,"PATMA",0
"305","CZ","C3","CZC3","CZC31",1,"PATMA",0
"306","CZ","C3","CZC3","CZC32",2,"PATMA",1
"307","CZ","C4","CZC4","CZC41",1,"PATMA",0
"308","CZ","C4","CZC4","CZC42",2,"PATMA",0
"309","CZ","C5","CZC5","CZC51",1,"PATMA",0
"310","CZ","C5","CZC5","CZC52",2,"PATMA",0
"311","CZ","C6","CZC6","CZC61",1,"PATMA",0
"312","CZ","C6","CZC6","CZC62",2,"PATMA",0
"313","ZU","B1","ZUB1","ZUB11",1,"PATMA",0
"314","ZU","B1","ZUB1","ZUB12",2,"PATMA",0
"315","ZU","B2","ZUB2","ZUB21",1,"PATMA",0
"316","ZU","B2","ZUB2","ZUB22",2,"PATMA",0
"317","ZU","B3","ZUB3","ZUB31",1,"PATMA",0
"318","ZU","B3","ZUB3","ZUB32",2,"PATMA",0
"319","ZU","B4","ZUB4","ZUB41",1,"PATMA",0
"320","ZU","B4","ZUB4","ZUB42",2,"PATMA",0
"321","ZU","B5","ZUB5","ZUB51",1,"PATMA",0
"322","ZU","B5","ZUB5","ZUB52",2,"PATMA",0
"323","ZU","B6","ZUB6","ZUB61",1,"PATMA",0
"324","ZU","B6","ZUB6","ZUB62",2,"PATMA",0
"325","ZU","C1","ZUC1","ZUC11",1,"PATMA",0
"326","ZU","C1","ZUC1","ZUC12",2,"PATMA",0
"327","ZU","C2","ZUC2","ZUC21",1,"PATMA",0
"328","ZU","C2","ZUC2","ZUC22",2,"PATMA",0
"329","ZU","C3","ZUC3","ZUC31",1,"PATMA",0
"330","ZU","C3","ZUC3","ZUC32",2,"PATMA",0
"331","ZU","C4","ZUC4","ZUC41",1,"PATMA",0
"332","ZU","C4","ZUC4","ZUC42",2,"PATMA",0
"333","ZU","C5","ZUC5","ZUC51",1,"PATMA",0
"334","ZU","C5","ZUC5","ZUC52",2,"PATMA",0
"335","ZU","C6","ZUC6","ZUC61",1,"PATMA",0
"336","ZU","C6","ZUC6","ZUC62",2,"PATMA",0
"337","TW","B1","TWB1","TWB11",1,"PATMA",0
"338","TW","B1","TWB1","TWB12",2,"PATMA",0
"339","TW","B2","TWB2","TWB21",1,"PATMA",0
"340","TW","B2","TWB2","TWB22",2,"PATMA",0
"341","TW","B3","TWB3","TWB31",1,"PATMA",0
"342","TW","B3","TWB3","TWB32",2,"PATMA",0
"343","TW","B4","TWB4","TWB41",1,"PATMA",0
"344","TW","B4","TWB4","TWB42",2,"PATMA",0
"345","TW","B5","TWB5","TWB51",1,"PATMA",0
"346","TW","B5","TWB5","TWB52",2,"PATMA",0
"347","TW","B6","TWB6","TWB61",1,"PATMA",0
"348","TW","B6","TWB6","TWB62",2,"PATMA",0
"349","TW","C1","TWC1","TWC11",1,"PATMA",0
"350","TW","C1","TWC1","TWC12",2,"PATMA",0
"351","TW","C2","TWC2","TWC21",1,"PATMA",0
"352","TW","C2","TWC2","TWC22",2,"PATMA",0
"353","TW","C3","TWC3","TWC31",1,"PATMA",0
"354","TW","C3","TWC3","TWC32",2,"PATMA",0
"355","TW","C4","TWC4","TWC41",1,"PATMA",0
"356","TW","C4","TWC4","TWC42",2,"PATMA",0
"357","TW","C5","TWC5","TWC51",1,"PATMA",0
"358","TW","C5","TWC5","TWC52",2,"PATMA",0
"359","TW","C6","TWC6","TWC61",1,"PATMA",0
"360","TW","C6","TWC6","TWC62",2,"PATMA",0
"361","CZ","B1","CZB1","CZB11",1,"PSELO",0
"362","CZ","B1","CZB1","CZB12",2,"PSELO",0
"363","CZ","B2","CZB2","CZB21",1,"PSELO",2
"364","CZ","B2","CZB2","CZB22",2,"PSELO",0
"365","CZ","B3","CZB3","CZB31",1,"PSELO",0
"366","CZ","B3","CZB3","CZB32",2,"PSELO",0
"367","CZ","B4","CZB4","CZB41",1,"PSELO",0
"368","CZ","B4","CZB4","CZB42",2,"PSELO",0
"369","CZ","B5","CZB5","CZB51",1,"PSELO",0
"370","CZ","B5","CZB5","CZB52",2,"PSELO",0
"371","CZ","B6","CZB6","CZB61",1,"PSELO",0
"372","CZ","B6","CZB6","CZB62",2,"PSELO",0
"373","CZ","C1","CZC1","CZC11",1,"PSELO",0
"374","CZ","C1","CZC1","CZC12",2,"PSELO",0
"375","CZ","C2","CZC2","CZC21",1,"PSELO",0
"376","CZ","C2","CZC2","CZC22",2,"PSELO",0
"377","CZ","C3","CZC3","CZC31",1,"PSELO",0
"378","CZ","C3","CZC3","CZC32",2,"PSELO",0
"379","CZ","C4","CZC4","CZC41",1,"PSELO",0
"380","CZ","C4","CZC4","CZC42",2,"PSELO",0
"381","CZ","C5","CZC5","CZC51",1,"PSELO",0
"382","CZ","C5","CZC5","CZC52",2,"PSELO",0
"383","CZ","C6","CZC6","CZC61",1,"PSELO",0
"384","CZ","C6","CZC6","CZC62",2,"PSELO",0
"385","ZU","B1","ZUB1","ZUB11",1,"PSELO",0
"386","ZU","B1","ZUB1","ZUB12",2,"PSELO",0
"387","ZU","B2","ZUB2","ZUB21",1,"PSELO",0
"388","ZU","B2","ZUB2","ZUB22",2,"PSELO",0
"389","ZU","B3","ZUB3","ZUB31",1,"PSELO",0
"390","ZU","B3","ZUB3","ZUB32",2,"PSELO",0
"391","ZU","B4","ZUB4","ZUB41",1,"PSELO",0
"392","ZU","B4","ZUB4","ZUB42",2,"PSELO",0
"393","ZU","B5","ZUB5","ZUB51",1,"PSELO",0
"394","ZU","B5","ZUB5","ZUB52",2,"PSELO",0
"395","ZU","B6","ZUB6","ZUB61",1,"PSELO",0
"396","ZU","B6","ZUB6","ZUB62",2,"PSELO",0
"397","ZU","C1","ZUC1","ZUC11",1,"PSELO",0
"398","ZU","C1","ZUC1","ZUC12",2,"PSELO",0
"399","ZU","C2","ZUC2","ZUC21",1,"PSELO",0
"400","ZU","C2","ZUC2","ZUC22",2,"PSELO",0
"401","ZU","C3","ZUC3","ZUC31",1,"PSELO",0
"402","ZU","C3","ZUC3","ZUC32",2,"PSELO",0
"403","ZU","C4","ZUC4","ZUC41",1,"PSELO",0
"404","ZU","C4","ZUC4","ZUC42",2,"PSELO",0
"405","ZU","C5","ZUC5","ZUC51",1,"PSELO",0
"406","ZU","C5","ZUC5","ZUC52",2,"PSELO",0
"407","ZU","C6","ZUC6","ZUC61",1,"PSELO",0
"408","ZU","C6","ZUC6","ZUC62",2,"PSELO",0
"409","TW","B1","TWB1","TWB11",1,"PSELO",0
"410","TW","B1","TWB1","TWB12",2,"PSELO",0
"411","TW","B2","TWB2","TWB21",1,"PSELO",0
"412","TW","B2","TWB2","TWB22",2,"PSELO",0
"413","TW","B3","TWB3","TWB31",1,"PSELO",0
"414","TW","B3","TWB3","TWB32",2,"PSELO",0
"415","TW","B4","TWB4","TWB41",1,"PSELO",0
"416","TW","B4","TWB4","TWB42",2,"PSELO",0
"417","TW","B5","TWB5","TWB51",1,"PSELO",0
"418","TW","B5","TWB5","TWB52",2,"PSELO",0
"419","TW","B6","TWB6","TWB61",1,"PSELO",0
"420","TW","B6","TWB6","TWB62",2,"PSELO",0
"421","TW","C1","TWC1","TWC11",1,"PSELO",0
"422","TW","C1","TWC1","TWC12",2,"PSELO",0
"423","TW","C2","TWC2","TWC21",1,"PSELO",0
"424","TW","C2","TWC2","TWC22",2,"PSELO",0
"425","TW","C3","TWC3","TWC31",1,"PSELO",0
"426","TW","C3","TWC3","TWC32",2,"PSELO",0
"427","TW","C4","TWC4","TWC41",1,"PSELO",0
"428","TW","C4","TWC4","TWC42",2,"PSELO",0
"429","TW","C5","TWC5","TWC51",1,"PSELO",0
"430","TW","C5","TWC5","TWC52",2,"PSELO",0
"431","TW","C6","TWC6","TWC61",1,"PSELO",0
"432","TW","C6","TWC6","TWC62",2,"PSELO",0
"433","CZ","B1","CZB1","CZB11",1,"PYRRU",0
"434","CZ","B1","CZB1","CZB12",2,"PYRRU",0
"435","CZ","B2","CZB2","CZB21",1,"PYRRU",0
"436","CZ","B2","CZB2","CZB22",2,"PYRRU",0
"437","CZ","B3","CZB3","CZB31",1,"PYRRU",0
"438","CZ","B3","CZB3","CZB32",2,"PYRRU",2
"439","CZ","B4","CZB4","CZB41",1,"PYRRU",0
"440","CZ","B4","CZB4","CZB42",2,"PYRRU",0
"441","CZ","B5","CZB5","CZB51",1,"PYRRU",0
"442","CZ","B5","CZB5","CZB52",2,"PYRRU",0
"443","CZ","B6","CZB6","CZB61",1,"PYRRU",0
"444","CZ","B6","CZB6","CZB62",2,"PYRRU",0
"445","CZ","C1","CZC1","CZC11",1,"PYRRU",0
"446","CZ","C1","CZC1","CZC12",2,"PYRRU",0
"447","CZ","C2","CZC2","CZC21",1,"PYRRU",2
"448","CZ","C2","CZC2","CZC22",2,"PYRRU",0
"449","CZ","C3","CZC3","CZC31",1,"PYRRU",0
"450","CZ","C3","CZC3","CZC32",2,"PYRRU",0
"451","CZ","C4","CZC4","CZC41",1,"PYRRU",0
"452","CZ","C4","CZC4","CZC42",2,"PYRRU",0
"453","CZ","C5","CZC5","CZC51",1,"PYRRU",0
"454","CZ","C5","CZC5","CZC52",2,"PYRRU",0
"455","CZ","C6","CZC6","CZC61",1,"PYRRU",0
"456","CZ","C6","CZC6","CZC62",2,"PYRRU",0
"457","ZU","B1","ZUB1","ZUB11",1,"PYRRU",0
"458","ZU","B1","ZUB1","ZUB12",2,"PYRRU",0
"459","ZU","B2","ZUB2","ZUB21",1,"PYRRU",0
"460","ZU","B2","ZUB2","ZUB22",2,"PYRRU",0
"461","ZU","B3","ZUB3","ZUB31",1,"PYRRU",0
"462","ZU","B3","ZUB3","ZUB32",2,"PYRRU",0
"463","ZU","B4","ZUB4","ZUB41",1,"PYRRU",0
"464","ZU","B4","ZUB4","ZUB42",2,"PYRRU",0
"465","ZU","B5","ZUB5","ZUB51",1,"PYRRU",0
"466","ZU","B5","ZUB5","ZUB52",2,"PYRRU",0
"467","ZU","B6","ZUB6","ZUB61",1,"PYRRU",0
"468","ZU","B6","ZUB6","ZUB62",2,"PYRRU",0
"469","ZU","C1","ZUC1","ZUC11",1,"PYRRU",0
"470","ZU","C1","ZUC1","ZUC12",2,"PYRRU",0
"471","ZU","C2","ZUC2","ZUC21",1,"PYRRU",0
"472","ZU","C2","ZUC2","ZUC22",2,"PYRRU",0
"473","ZU","C3","ZUC3","ZUC31",1,"PYRRU",0
"474","ZU","C3","ZUC3","ZUC32",2,"PYRRU",0
"475","ZU","C4","ZUC4","ZUC41",1,"PYRRU",0
"476","ZU","C4","ZUC4","ZUC42",2,"PYRRU",0
"477","ZU","C5","ZUC5","ZUC51",1,"PYRRU",0
"478","ZU","C5","ZUC5","ZUC52",2,"PYRRU",0
"479","ZU","C6","ZUC6","ZUC61",1,"PYRRU",0
"480","ZU","C6","ZUC6","ZUC62",2,"PYRRU",0
"481","TW","B1","TWB1","TWB11",1,"PYRRU",0
"482","TW","B1","TWB1","TWB12",2,"PYRRU",1
"483","TW","B2","TWB2","TWB21",1,"PYRRU",0
"484","TW","B2","TWB2","TWB22",2,"PYRRU",0
"485","TW","B3","TWB3","TWB31",1,"PYRRU",0
"486","TW","B3","TWB3","TWB32",2,"PYRRU",0
"487","TW","B4","TWB4","TWB41",1,"PYRRU",0
"488","TW","B4","TWB4","TWB42",2,"PYRRU",0
"489","TW","B5","TWB5","TWB51",1,"PYRRU",0
"490","TW","B5","TWB5","TWB52",2,"PYRRU",0
"491","TW","B6","TWB6","TWB61",1,"PYRRU",0
"492","TW","B6","TWB6","TWB62",2,"PYRRU",0
"493","TW","C1","TWC1","TWC11",1,"PYRRU",0
"494","TW","C1","TWC1","TWC12",2,"PYRRU",0
"495","TW","C2","TWC2","TWC21",1,"PYRRU",0
"496","TW","C2","TWC2","TWC22",2,"PYRRU",0
"497","TW","C3","TWC3","TWC31",1,"PYRRU",0
"498","TW","C3","TWC3","TWC32",2,"PYRRU",0
"499","TW","C4","TWC4","TWC41",1,"PYRRU",0
"500","TW","C4","TWC4","TWC42",2,"PYRRU",0
"501","TW","C5","TWC5","TWC51",1,"PYRRU",0
"502","TW","C5","TWC5","TWC52",2,"PYRRU",0
"503","TW","C6","TWC6","TWC61",1,"PYRRU",0
"504","TW","C6","TWC6","TWC62",2,"PYRRU",0
"505","CZ","B1","CZB1","CZB11",1,"RHOFR",0
"506","CZ","B1","CZB1","CZB12",2,"RHOFR",0
"507","CZ","B2","CZB2","CZB21",1,"RHOFR",1
"508","CZ","B2","CZB2","CZB22",2,"RHOFR",0
"509","CZ","B3","CZB3","CZB31",1,"RHOFR",0
"510","CZ","B3","CZB3","CZB32",2,"RHOFR",0
"511","CZ","B4","CZB4","CZB41",1,"RHOFR",0
"512","CZ","B4","CZB4","CZB42",2,"RHOFR",0
"513","CZ","B5","CZB5","CZB51",1,"RHOFR",0
"514","CZ","B5","CZB5","CZB52",2,"RHOFR",0
"515","CZ","B6","CZB6","CZB61",1,"RHOFR",0
"516","CZ","B6","CZB6","CZB62",2,"RHOFR",0
"517","CZ","C1","CZC1","CZC11",1,"RHOFR",0
"518","CZ","C1","CZC1","CZC12",2,"RHOFR",0
"519","CZ","C2","CZC2","CZC21",1,"RHOFR",0
"520","CZ","C2","CZC2","CZC22",2,"RHOFR",0
"521","CZ","C3","CZC3","CZC31",1,"RHOFR",1
"522","CZ","C3","CZC3","CZC32",2,"RHOFR",0
"523","CZ","C4","CZC4","CZC41",1,"RHOFR",0
"524","CZ","C4","CZC4","CZC42",2,"RHOFR",0
"525","CZ","C5","CZC5","CZC51",1,"RHOFR",0
"526","CZ","C5","CZC5","CZC52",2,"RHOFR",0
"527","CZ","C6","CZC6","CZC61",1,"RHOFR",0
"528","CZ","C6","CZC6","CZC62",2,"RHOFR",0
"529","ZU","B1","ZUB1","ZUB11",1,"RHOFR",0
"530","ZU","B1","ZUB1","ZUB12",2,"RHOFR",0
"531","ZU","B2","ZUB2","ZUB21",1,"RHOFR",0
"532","ZU","B2","ZUB2","ZUB22",2,"RHOFR",0
"533","ZU","B3","ZUB3","ZUB31",1,"RHOFR",0
"534","ZU","B3","ZUB3","ZUB32",2,"RHOFR",0
"535","ZU","B4","ZUB4","ZUB41",1,"RHOFR",0
"536","ZU","B4","ZUB4","ZUB42",2,"RHOFR",0
"537","ZU","B5","ZUB5","ZUB51",1,"RHOFR",0
"538","ZU","B5","ZUB5","ZUB52",2,"RHOFR",0
"539","ZU","B6","ZUB6","ZUB61",1,"RHOFR",0
"540","ZU","B6","ZUB6","ZUB62",2,"RHOFR",0
"541","ZU","C1","ZUC1","ZUC11",1,"RHOFR",0
"542","ZU","C1","ZUC1","ZUC12",2,"RHOFR",0
"543","ZU","C2","ZUC2","ZUC21",1,"RHOFR",0
"544","ZU","C2","ZUC2","ZUC22",2,"RHOFR",0
"545","ZU","C3","ZUC3","ZUC31",1,"RHOFR",0
"546","ZU","C3","ZUC3","ZUC32",2,"RHOFR",0
"547","ZU","C4","ZUC4","ZUC41",1,"RHOFR",0
"548","ZU","C4","ZUC4","ZUC42",2,"RHOFR",0
"549","ZU","C5","ZUC5","ZUC51",1,"RHOFR",0
"550","ZU","C5","ZUC5","ZUC52",2,"RHOFR",0
"551","ZU","C6","ZUC6","ZUC61",1,"RHOFR",0
"552","ZU","C6","ZUC6","ZUC62",2,"RHOFR",0
"553","TW","B1","TWB1","TWB11",1,"RHOFR",0
"554","TW","B1","TWB1","TWB12",2,"RHOFR",0
"555","TW","B2","TWB2","TWB21",1,"RHOFR",0
"556","TW","B2","TWB2","TWB22",2,"RHOFR",0
"557","TW","B3","TWB3","TWB31",1,"RHOFR",0
"558","TW","B3","TWB3","TWB32",2,"RHOFR",0
"559","TW","B4","TWB4","TWB41",1,"RHOFR",0
"560","TW","B4","TWB4","TWB42",2,"RHOFR",0
"561","TW","B5","TWB5","TWB51",1,"RHOFR",0
"562","TW","B5","TWB5","TWB52",2,"RHOFR",0
"563","TW","B6","TWB6","TWB61",1,"RHOFR",0
"564","TW","B6","TWB6","TWB62",2,"RHOFR",0
"565","TW","C1","TWC1","TWC11",1,"RHOFR",0
"566","TW","C1","TWC1","TWC12",2,"RHOFR",0
"567","TW","C2","TWC2","TWC21",1,"RHOFR",0
"568","TW","C2","TWC2","TWC22",2,"RHOFR",0
"569","TW","C3","TWC3","TWC31",1,"RHOFR",0
"570","TW","C3","TWC3","TWC32",2,"RHOFR",0
"571","TW","C4","TWC4","TWC41",1,"RHOFR",0
"572","TW","C4","TWC4","TWC42",2,"RHOFR",0
"573","TW","C5","TWC5","TWC51",1,"RHOFR",0
"574","TW","C5","TWC5","TWC52",2,"RHOFR",0
"575","TW","C6","TWC6","TWC61",1,"RHOFR",0
"576","TW","C6","TWC6","TWC62",2,"RHOFR",0
"577","CZ","B1","CZB1","CZB11",1,"SICLU",3
"578","CZ","B1","CZB1","CZB12",2,"SICLU",8
"579","CZ","B2","CZB2","CZB21",1,"SICLU",1
"580","CZ","B2","CZB2","CZB22",2,"SICLU",7
"581","CZ","B3","CZB3","CZB31",1,"SICLU",2
"582","CZ","B3","CZB3","CZB32",2,"SICLU",0
"583","CZ","B4","CZB4","CZB41",1,"SICLU",4
"584","CZ","B4","CZB4","CZB42",2,"SICLU",1
"585","CZ","B5","CZB5","CZB51",1,"SICLU",1
"586","CZ","B5","CZB5","CZB52",2,"SICLU",0
"587","CZ","B6","CZB6","CZB61",1,"SICLU",1
"588","CZ","B6","CZB6","CZB62",2,"SICLU",0
"589","CZ","C1","CZC1","CZC11",1,"SICLU",7
"590","CZ","C1","CZC1","CZC12",2,"SICLU",4
"591","CZ","C2","CZC2","CZC21",1,"SICLU",2
"592","CZ","C2","CZC2","CZC22",2,"SICLU",1
"593","CZ","C3","CZC3","CZC31",1,"SICLU",0
"594","CZ","C3","CZC3","CZC32",2,"SICLU",2
"595","CZ","C4","CZC4","CZC41",1,"SICLU",4
"596","CZ","C4","CZC4","CZC42",2,"SICLU",0
"597","CZ","C5","CZC5","CZC51",1,"SICLU",1
"598","CZ","C5","CZC5","CZC52",2,"SICLU",0
"599","CZ","C6","CZC6","CZC61",1,"SICLU",2
"600","CZ","C6","CZC6","CZC62",2,"SICLU",0
"601","ZU","B1","ZUB1","ZUB11",1,"SICLU",0
"602","ZU","B1","ZUB1","ZUB12",2,"SICLU",7
"603","ZU","B2","ZUB2","ZUB21",1,"SICLU",2
"604","ZU","B2","ZUB2","ZUB22",2,"SICLU",1
"605","ZU","B3","ZUB3","ZUB31",1,"SICLU",4
"606","ZU","B3","ZUB3","ZUB32",2,"SICLU",0
"607","ZU","B4","ZUB4","ZUB41",1,"SICLU",1
"608","ZU","B4","ZUB4","ZUB42",2,"SICLU",1
"609","ZU","B5","ZUB5","ZUB51",1,"SICLU",18
"610","ZU","B5","ZUB5","ZUB52",2,"SICLU",2
"611","ZU","B6","ZUB6","ZUB61",1,"SICLU",1
"612","ZU","B6","ZUB6","ZUB62",2,"SICLU",4
"613","ZU","C1","ZUC1","ZUC11",1,"SICLU",6
"614","ZU","C1","ZUC1","ZUC12",2,"SICLU",1
"615","ZU","C2","ZUC2","ZUC21",1,"SICLU",2
"616","ZU","C2","ZUC2","ZUC22",2,"SICLU",1
"617","ZU","C3","ZUC3","ZUC31",1,"SICLU",1
"618","ZU","C3","ZUC3","ZUC32",2,"SICLU",2
"619","ZU","C4","ZUC4","ZUC41",1,"SICLU",2
"620","ZU","C4","ZUC4","ZUC42",2,"SICLU",3
"621","ZU","C5","ZUC5","ZUC51",1,"SICLU",1
"622","ZU","C5","ZUC5","ZUC52",2,"SICLU",0
"623","ZU","C6","ZUC6","ZUC61",1,"SICLU",2
"624","ZU","C6","ZUC6","ZUC62",2,"SICLU",5
"625","TW","B1","TWB1","TWB11",1,"SICLU",7
"626","TW","B1","TWB1","TWB12",2,"SICLU",2
"627","TW","B2","TWB2","TWB21",1,"SICLU",4
"628","TW","B2","TWB2","TWB22",2,"SICLU",7
"629","TW","B3","TWB3","TWB31",1,"SICLU",1
"630","TW","B3","TWB3","TWB32",2,"SICLU",4
"631","TW","B4","TWB4","TWB41",1,"SICLU",0
"632","TW","B4","TWB4","TWB42",2,"SICLU",1
"633","TW","B5","TWB5","TWB51",1,"SICLU",6
"634","TW","B5","TWB5","TWB52",2,"SICLU",2
"635","TW","B6","TWB6","TWB61",1,"SICLU",0
"636","TW","B6","TWB6","TWB62",2,"SICLU",0
"637","TW","C1","TWC1","TWC11",1,"SICLU",0
"638","TW","C1","TWC1","TWC12",2,"SICLU",3
"639","TW","C2","TWC2","TWC21",1,"SICLU",3
"640","TW","C2","TWC2","TWC22",2,"SICLU",2
"641","TW","C3","TWC3","TWC31",1,"SICLU",6
"642","TW","C3","TWC3","TWC32",2,"SICLU",2
"643","TW","C4","TWC4","TWC41",1,"SICLU",2
"644","TW","C4","TWC4","TWC42",2,"SICLU",0
"645","TW","C5","TWC5","TWC51",1,"SICLU",5
"646","TW","C5","TWC5","TWC52",2,"SICLU",0
"647","TW","C6","TWC6","TWC61",1,"SICLU",5
"648","TW","C6","TWC6","TWC62",2,"SICLU",1
"649","CZ","B1","CZB1","CZB11",1,"SPIBA",0
"650","CZ","B1","CZB1","CZB12",2,"SPIBA",0
"651","CZ","B2","CZB2","CZB21",1,"SPIBA",0
"652","CZ","B2","CZB2","CZB22",2,"SPIBA",3
"653","CZ","B3","CZB3","CZB31",1,"SPIBA",0
"654","CZ","B3","CZB3","CZB32",2,"SPIBA",1
"655","CZ","B4","CZB4","CZB41",1,"SPIBA",0
"656","CZ","B4","CZB4","CZB42",2,"SPIBA",0
"657","CZ","B5","CZB5","CZB51",1,"SPIBA",1
"658","CZ","B5","CZB5","CZB52",2,"SPIBA",0
"659","CZ","B6","CZB6","CZB61",1,"SPIBA",0
"660","CZ","B6","CZB6","CZB62",2,"SPIBA",0
"661","CZ","C1","CZC1","CZC11",1,"SPIBA",0
"662","CZ","C1","CZC1","CZC12",2,"SPIBA",0
"663","CZ","C2","CZC2","CZC21",1,"SPIBA",0
"664","CZ","C2","CZC2","CZC22",2,"SPIBA",0
"665","CZ","C3","CZC3","CZC31",1,"SPIBA",1
"666","CZ","C3","CZC3","CZC32",2,"SPIBA",1
"667","CZ","C4","CZC4","CZC41",1,"SPIBA",0
"668","CZ","C4","CZC4","CZC42",2,"SPIBA",0
"669","CZ","C5","CZC5","CZC51",1,"SPIBA",0
"670","CZ","C5","CZC5","CZC52",2,"SPIBA",0
"671","CZ","C6","CZC6","CZC61",1,"SPIBA",0
"672","CZ","C6","CZC6","CZC62",2,"SPIBA",0
"673","ZU","B1","ZUB1","ZUB11",1,"SPIBA",0
"674","ZU","B1","ZUB1","ZUB12",2,"SPIBA",0
"675","ZU","B2","ZUB2","ZUB21",1,"SPIBA",0
"676","ZU","B2","ZUB2","ZUB22",2,"SPIBA",0
"677","ZU","B3","ZUB3","ZUB31",1,"SPIBA",0
"678","ZU","B3","ZUB3","ZUB32",2,"SPIBA",0
"679","ZU","B4","ZUB4","ZUB41",1,"SPIBA",0
"680","ZU","B4","ZUB4","ZUB42",2,"SPIBA",0
"681","ZU","B5","ZUB5","ZUB51",1,"SPIBA",0
"682","ZU","B5","ZUB5","ZUB52",2,"SPIBA",0
"683","ZU","B6","ZUB6","ZUB61",1,"SPIBA",0
"684","ZU","B6","ZUB6","ZUB62",2,"SPIBA",0
"685","ZU","C1","ZUC1","ZUC11",1,"SPIBA",0
"686","ZU","C1","ZUC1","ZUC12",2,"SPIBA",0
"687","ZU","C2","ZUC2","ZUC21",1,"SPIBA",0
"688","ZU","C2","ZUC2","ZUC22",2,"SPIBA",0
"689","ZU","C3","ZUC3","ZUC31",1,"SPIBA",0
"690","ZU","C3","ZUC3","ZUC32",2,"SPIBA",0
"691","ZU","C4","ZUC4","ZUC41",1,"SPIBA",0
"692","ZU","C4","ZUC4","ZUC42",2,"SPIBA",0
"693","ZU","C5","ZUC5","ZUC51",1,"SPIBA",0
"694","ZU","C5","ZUC5","ZUC52",2,"SPIBA",0
"695","ZU","C6","ZUC6","ZUC61",1,"SPIBA",0
"696","ZU","C6","ZUC6","ZUC62",2,"SPIBA",0
"697","TW","B1","TWB1","TWB11",1,"SPIBA",0
"698","TW","B1","TWB1","TWB12",2,"SPIBA",0
"699","TW","B2","TWB2","TWB21",1,"SPIBA",0
"700","TW","B2","TWB2","TWB22",2,"SPIBA",0
"701","TW","B3","TWB3","TWB31",1,"SPIBA",0
"702","TW","B3","TWB3","TWB32",2,"SPIBA",0
"703","TW","B4","TWB4","TWB41",1,"SPIBA",0
"704","TW","B4","TWB4","TWB42",2,"SPIBA",0
"705","TW","B5","TWB5","TWB51",1,"SPIBA",0
"706","TW","B5","TWB5","TWB52",2,"SPIBA",0
"707","TW","B6","TWB6","TWB61",1,"SPIBA",0
"708","TW","B6","TWB6","TWB62",2,"SPIBA",0
"709","TW","C1","TWC1","TWC11",1,"SPIBA",0
"710","TW","C1","TWC1","TWC12",2,"SPIBA",0
"711","TW","C2","TWC2","TWC21",1,"SPIBA",0
"712","TW","C2","TWC2","TWC22",2,"SPIBA",0
"713","TW","C3","TWC3","TWC31",1,"SPIBA",0
"714","TW","C3","TWC3","TWC32",2,"SPIBA",0
"715","TW","C4","TWC4","TWC41",1,"SPIBA",0
"716","TW","C4","TWC4","TWC42",2,"SPIBA",0
"717","TW","C5","TWC5","TWC51",1,"SPIBA",0
"718","TW","C5","TWC5","TWC52",2,"SPIBA",0
"719","TW","C6","TWC6","TWC61",1,"SPIBA",0
"720","TW","C6","TWC6","TWC62",2,"SPIBA",0
"721","CZ","B1","CZB1","CZB11",1,"TYRSA",0
"722","CZ","B1","CZB1","CZB12",2,"TYRSA",1
"723","CZ","B2","CZB2","CZB21",1,"TYRSA",1
"724","CZ","B2","CZB2","CZB22",2,"TYRSA",0
"725","CZ","B3","CZB3","CZB31",1,"TYRSA",0
"726","CZ","B3","CZB3","CZB32",2,"TYRSA",0
"727","CZ","B4","CZB4","CZB41",1,"TYRSA",1
"728","CZ","B4","CZB4","CZB42",2,"TYRSA",1
"729","CZ","B5","CZB5","CZB51",1,"TYRSA",2
"730","CZ","B5","CZB5","CZB52",2,"TYRSA",0
"731","CZ","B6","CZB6","CZB61",1,"TYRSA",0
"732","CZ","B6","CZB6","CZB62",2,"TYRSA",1
"733","CZ","C1","CZC1","CZC11",1,"TYRSA",0
"734","CZ","C1","CZC1","CZC12",2,"TYRSA",0
"735","CZ","C2","CZC2","CZC21",1,"TYRSA",3
"736","CZ","C2","CZC2","CZC22",2,"TYRSA",0
"737","CZ","C3","CZC3","CZC31",1,"TYRSA",4
"738","CZ","C3","CZC3","CZC32",2,"TYRSA",0
"739","CZ","C4","CZC4","CZC41",1,"TYRSA",1
"740","CZ","C4","CZC4","CZC42",2,"TYRSA",0
"741","CZ","C5","CZC5","CZC51",1,"TYRSA",1
"742","CZ","C5","CZC5","CZC52",2,"TYRSA",0
"743","CZ","C6","CZC6","CZC61",1,"TYRSA",0
"744","CZ","C6","CZC6","CZC62",2,"TYRSA",0
"745","ZU","B1","ZUB1","ZUB11",1,"TYRSA",0
"746","ZU","B1","ZUB1","ZUB12",2,"TYRSA",0
"747","ZU","B2","ZUB2","ZUB21",1,"TYRSA",0
"748","ZU","B2","ZUB2","ZUB22",2,"TYRSA",0
"749","ZU","B3","ZUB3","ZUB31",1,"TYRSA",0
"750","ZU","B3","ZUB3","ZUB32",2,"TYRSA",0
"751","ZU","B4","ZUB4","ZUB41",1,"TYRSA",0
"752","ZU","B4","ZUB4","ZUB42",2,"TYRSA",0
"753","ZU","B5","ZUB5","ZUB51",1,"TYRSA",0
"754","ZU","B5","ZUB5","ZUB52",2,"TYRSA",0
"755","ZU","B6","ZUB6","ZUB61",1,"TYRSA",0
"756","ZU","B6","ZUB6","ZUB62",2,"TYRSA",0
"757","ZU","C1","ZUC1","ZUC11",1,"TYRSA",1
"758","ZU","C1","ZUC1","ZUC12",2,"TYRSA",1
"759","ZU","C2","ZUC2","ZUC21",1,"TYRSA",0
"760","ZU","C2","ZUC2","ZUC22",2,"TYRSA",3
"761","ZU","C3","ZUC3","ZUC31",1,"TYRSA",0
"762","ZU","C3","ZUC3","ZUC32",2,"TYRSA",0
"763","ZU","C4","ZUC4","ZUC41",1,"TYRSA",0
"764","ZU","C4","ZUC4","ZUC42",2,"TYRSA",0
"765","ZU","C5","ZUC5","ZUC51",1,"TYRSA",0
"766","ZU","C5","ZUC5","ZUC52",2,"TYRSA",0
"767","ZU","C6","ZUC6","ZUC61",1,"TYRSA",0
"768","ZU","C6","ZUC6","ZUC62",2,"TYRSA",0
"769","TW","B1","TWB1","TWB11",1,"TYRSA",0
"770","TW","B1","TWB1","TWB12",2,"TYRSA",1
"771","TW","B2","TWB2","TWB21",1,"TYRSA",2
"772","TW","B2","TWB2","TWB22",2,"TYRSA",0
"773","TW","B3","TWB3","TWB31",1,"TYRSA",0
"774","TW","B3","TWB3","TWB32",2,"TYRSA",0
"775","TW","B4","TWB4","TWB41",1,"TYRSA",1
"776","TW","B4","TWB4","TWB42",2,"TYRSA",1
"777","TW","B5","TWB5","TWB51",1,"TYRSA",0
"778","TW","B5","TWB5","TWB52",2,"TYRSA",0
"779","TW","B6","TWB6","TWB61",1,"TYRSA",0
"780","TW","B6","TWB6","TWB62",2,"TYRSA",0
"781","TW","C1","TWC1","TWC11",1,"TYRSA",0
"782","TW","C1","TWC1","TWC12",2,"TYRSA",0
"783","TW","C2","TWC2","TWC21",1,"TYRSA",0
"784","TW","C2","TWC2","TWC22",2,"TYRSA",0
"785","TW","C3","TWC3","TWC31",1,"TYRSA",1
"786","TW","C3","TWC3","TWC32",2,"TYRSA",0
"787","TW","C4","TWC4","TWC41",1,"TYRSA",0
"788","TW","C4","TWC4","TWC42",2,"TYRSA",0
"789","TW","C5","TWC5","TWC51",1,"TYRSA",0
"790","TW","C5","TWC5","TWC52",2,"TYRSA",0
"791","TW","C6","TWC6","TWC61",1,"TYRSA",1
"792","TW","C6","TWC6","TWC62",2,"TYRSA",1
"793","CZ","B1","CZB1","CZB11",1,"ZENAU",0
"794","CZ","B1","CZB1","CZB12",2,"ZENAU",0
"795","CZ","B2","CZB2","CZB21",1,"ZENAU",0
"796","CZ","B2","CZB2","CZB22",2,"ZENAU",0
"797","CZ","B3","CZB3","CZB31",1,"ZENAU",0
"798","CZ","B3","CZB3","CZB32",2,"ZENAU",0
"799","CZ","B4","CZB4","CZB41",1,"ZENAU",0
"800","CZ","B4","CZB4","CZB42",2,"ZENAU",0
"801","CZ","B5","CZB5","CZB51",1,"ZENAU",0
"802","CZ","B5","CZB5","CZB52",2,"ZENAU",0
"803","CZ","B6","CZB6","CZB61",1,"ZENAU",0
"804","CZ","B6","CZB6","CZB62",2,"ZENAU",0
"805","CZ","C1","CZC1","CZC11",1,"ZENAU",0
"806","CZ","C1","CZC1","CZC12",2,"ZENAU",0
"807","CZ","C2","CZC2","CZC21",1,"ZENAU",0
"808","CZ","C2","CZC2","CZC22",2,"ZENAU",0
"809","CZ","C3","CZC3","CZC31",1,"ZENAU",0
"810","CZ","C3","CZC3","CZC32",2,"ZENAU",0
"811","CZ","C4","CZC4","CZC41",1,"ZENAU",0
"812","CZ","C4","CZC4","CZC42",2,"ZENAU",2
"813","CZ","C5","CZC5","CZC51",1,"ZENAU",0
"814","CZ","C5","CZC5","CZC52",2,"ZENAU",0
"815","CZ","C6","CZC6","CZC61",1,"ZENAU",0
"816","CZ","C6","CZC6","CZC62",2,"ZENAU",0
"817","ZU","B1","ZUB1","ZUB11",1,"ZENAU",0
"818","ZU","B1","ZUB1","ZUB12",2,"ZENAU",1
"819","ZU","B2","ZUB2","ZUB21",1,"ZENAU",0
"820","ZU","B2","ZUB2","ZUB22",2,"ZENAU",0
"821","ZU","B3","ZUB3","ZUB31",1,"ZENAU",0
"822","ZU","B3","ZUB3","ZUB32",2,"ZENAU",0
"823","ZU","B4","ZUB4","ZUB41",1,"ZENAU",0
"824","ZU","B4","ZUB4","ZUB42",2,"ZENAU",0
"825","ZU","B5","ZUB5","ZUB51",1,"ZENAU",0
"826","ZU","B5","ZUB5","ZUB52",2,"ZENAU",0
"827","ZU","B6","ZUB6","ZUB61",1,"ZENAU",0
"828","ZU","B6","ZUB6","ZUB62",2,"ZENAU",0
"829","ZU","C1","ZUC1","ZUC11",1,"ZENAU",0
"830","ZU","C1","ZUC1","ZUC12",2,"ZENAU",0
"831","ZU","C2","ZUC2","ZUC21",1,"ZENAU",0
"832","ZU","C2","ZUC2","ZUC22",2,"ZENAU",0
"833","ZU","C3","ZUC3","ZUC31",1,"ZENAU",0
"834","ZU","C3","ZUC3","ZUC32",2,"ZENAU",0
"835","ZU","C4","ZUC4","ZUC41",1,"ZENAU",0
"836","ZU","C4","ZUC4","ZUC42",2,"ZENAU",0
"837","ZU","C5","ZUC5","ZUC51",1,"ZENAU",1
"838","ZU","C5","ZUC5","ZUC52",2,"ZENAU",0
"839","ZU","C6","ZUC6","ZUC61",1,"ZENAU",0
"840","ZU","C6","ZUC6","ZUC62",2,"ZENAU",0
"841","TW","B1","TWB1","TWB11",1,"ZENAU",0
"842","TW","B1","TWB1","TWB12",2,"ZENAU",1
"843","TW","B2","TWB2","TWB21",1,"ZENAU",0
"844","TW","B2","TWB2","TWB22",2,"ZENAU",0
"845","TW","B3","TWB3","TWB31",1,"ZENAU",0
"846","TW","B3","TWB3","TWB32",2,"ZENAU",0
"847","TW","B4","TWB4","TWB41",1,"ZENAU",0
"848","TW","B4","TWB4","TWB42",2,"ZENAU",0
"849","TW","B5","TWB5","TWB51",1,"ZENAU",0
"850","TW","B5","TWB5","TWB52",2,"ZENAU",0
"851","TW","B6","TWB6","TWB61",1,"ZENAU",0
"852","TW","B6","TWB6","TWB62",2,"ZENAU",0
"853","TW","C1","TWC1","TWC11",1,"ZENAU",0
"854","TW","C1","TWC1","TWC12",2,"ZENAU",0
"855","TW","C2","TWC2","TWC21",1,"ZENAU",1
"856","TW","C2","TWC2","TWC22",2,"ZENAU",0
"857","TW","C3","TWC3","TWC31",1,"ZENAU",0
"858","TW","C3","TWC3","TWC32",2,"ZENAU",0
"859","TW","C4","TWC4","TWC41",1,"ZENAU",3
"860","TW","C4","TWC4","TWC42",2,"ZENAU",0
"861","TW","C5","TWC5","TWC51",1,"ZENAU",0
"862","TW","C5","TWC5","TWC52",2,"ZENAU",0
"863","TW","C6","TWC6","TWC61",1,"ZENAU",1
"864","TW","C6","TWC6","TWC62",2,"ZENAU",0
"865","CZ","B1","CZB1","CZB11",1,"ZONCA",1
"866","CZ","B1","CZB1","CZB12",2,"ZONCA",1
"867","CZ","B2","CZB2","CZB21",1,"ZONCA",1
"868","CZ","B2","CZB2","CZB22",2,"ZONCA",0
"869","CZ","B3","CZB3","CZB31",1,"ZONCA",0
"870","CZ","B3","CZB3","CZB32",2,"ZONCA",0
"871","CZ","B4","CZB4","CZB41",1,"ZONCA",2
"872","CZ","B4","CZB4","CZB42",2,"ZONCA",2
"873","CZ","B5","CZB5","CZB51",1,"ZONCA",1
"874","CZ","B5","CZB5","CZB52",2,"ZONCA",0
"875","CZ","B6","CZB6","CZB61",1,"ZONCA",0
"876","CZ","B6","CZB6","CZB62",2,"ZONCA",0
"877","CZ","C1","CZC1","CZC11",1,"ZONCA",0
"878","CZ","C1","CZC1","CZC12",2,"ZONCA",0
"879","CZ","C2","CZC2","CZC21",1,"ZONCA",0
"880","CZ","C2","CZC2","CZC22",2,"ZONCA",0
"881","CZ","C3","CZC3","CZC31",1,"ZONCA",5
"882","CZ","C3","CZC3","CZC32",2,"ZONCA",3
"883","CZ","C4","CZC4","CZC41",1,"ZONCA",1
"884","CZ","C4","CZC4","CZC42",2,"ZONCA",0
"885","CZ","C5","CZC5","CZC51",1,"ZONCA",0
"886","CZ","C5","CZC5","CZC52",2,"ZONCA",0
"887","CZ","C6","CZC6","CZC61",1,"ZONCA",0
"888","CZ","C6","CZC6","CZC62",2,"ZONCA",0
"889","ZU","B1","ZUB1","ZUB11",1,"ZONCA",0
"890","ZU","B1","ZUB1","ZUB12",2,"ZONCA",0
"891","ZU","B2","ZUB2","ZUB21",1,"ZONCA",0
"892","ZU","B2","ZUB2","ZUB22",2,"ZONCA",0
"893","ZU","B3","ZUB3","ZUB31",1,"ZONCA",0
"894","ZU","B3","ZUB3","ZUB32",2,"ZONCA",0
"895","ZU","B4","ZUB4","ZUB41",1,"ZONCA",0
"896","ZU","B4","ZUB4","ZUB42",2,"ZONCA",1
"897","ZU","B5","ZUB5","ZUB51",1,"ZONCA",0
"898","ZU","B5","ZUB5","ZUB52",2,"ZONCA",1
"899","ZU","B6","ZUB6","ZUB61",1,"ZONCA",0
"900","ZU","B6","ZUB6","ZUB62",2,"ZONCA",1
"901","ZU","C1","ZUC1","ZUC11",1,"ZONCA",0
"902","ZU","C1","ZUC1","ZUC12",2,"ZONCA",0
"903","ZU","C2","ZUC2","ZUC21",1,"ZONCA",0
"904","ZU","C2","ZUC2","ZUC22",2,"ZONCA",0
"905","ZU","C3","ZUC3","ZUC31",1,"ZONCA",0
"906","ZU","C3","ZUC3","ZUC32",2,"ZONCA",1
"907","ZU","C4","ZUC4","ZUC41",1,"ZONCA",0
"908","ZU","C4","ZUC4","ZUC42",2,"ZONCA",0
"909","ZU","C5","ZUC5","ZUC51",1,"ZONCA",0
"910","ZU","C5","ZUC5","ZUC52",2,"ZONCA",1
"911","ZU","C6","ZUC6","ZUC61",1,"ZONCA",0
"912","ZU","C6","ZUC6","ZUC62",2,"ZONCA",0
"913","TW","B1","TWB1","TWB11",1,"ZONCA",1
"914","TW","B1","TWB1","TWB12",2,"ZONCA",3
"915","TW","B2","TWB2","TWB21",1,"ZONCA",2
"916","TW","B2","TWB2","TWB22",2,"ZONCA",2
"917","TW","B3","TWB3","TWB31",1,"ZONCA",0
"918","TW","B3","TWB3","TWB32",2,"ZONCA",1
"919","TW","B4","TWB4","TWB41",1,"ZONCA",3
"920","TW","B4","TWB4","TWB42",2,"ZONCA",1
"921","TW","B5","TWB5","TWB51",1,"ZONCA",1
"922","TW","B5","TWB5","TWB52",2,"ZONCA",3
"923","TW","B6","TWB6","TWB61",1,"ZONCA",0
"924","TW","B6","TWB6","TWB62",2,"ZONCA",1
"925","TW","C1","TWC1","TWC11",1,"ZONCA",2
"926","TW","C1","TWC1","TWC12",2,"ZONCA",1
"927","TW","C2","TWC2","TWC21",1,"ZONCA",1
"928","TW","C2","TWC2","TWC22",2,"ZONCA",2
"929","TW","C3","TWC3","TWC31",1,"ZONCA",2
"930","TW","C3","TWC3","TWC32",2,"ZONCA",4
"931","TW","C4","TWC4","TWC41",1,"ZONCA",2
"932","TW","C4","TWC4","TWC42",2,"ZONCA",1
"933","TW","C5","TWC5","TWC51",1,"ZONCA",1
"934","TW","C5","TWC5","TWC52",2,"ZONCA",5
"935","TW","C6","TWC6","TWC61",1,"ZONCA",2
"936","TW","C6","TWC6","TWC62",2,"ZONCA",4
