;PREDIOS;PUNTO;ID;ID.REP;REP;sp.names;especies.obs
1;CZ;B1;CZB1;CZB11;1;CATAN;0
2;CZ;B1;CZB1;CZB12;2;CATAN;0
3;CZ;B2;CZB2;CZB21;1;CATAN;1
4;CZ;B2;CZB2;CZB22;2;CATAN;0
5;CZ;B3;CZB3;CZB31;1;CATAN;3
6;CZ;B3;CZB3;CZB32;2;CATAN;0
7;CZ;B4;CZB4;CZB41;1;CATAN;0
8;CZ;B4;CZB4;CZB42;2;CATAN;0
9;CZ;B5;CZB5;CZB51;1;CATAN;2
10;CZ;B5;CZB5;CZB52;2;CATAN;0
11;CZ;B6;CZB6;CZB61;1;CATAN;0
12;CZ;B6;CZB6;CZB62;2;CATAN;0
13;CZ;C1;CZC1;CZC11;1;CATAN;0
14;CZ;C1;CZC1;CZC12;2;CATAN;0
15;CZ;C2;CZC2;CZC21;1;CATAN;0
16;CZ;C2;CZC2;CZC22;2;CATAN;0
17;CZ;C3;CZC3;CZC31;1;CATAN;0
18;CZ;C3;CZC3;CZC32;2;CATAN;1
19;CZ;C4;CZC4;CZC41;1;CATAN;0
20;CZ;C4;CZC4;CZC42;2;CATAN;0
21;CZ;C5;CZC5;CZC51;1;CATAN;0
22;CZ;C5;CZC5;CZC52;2;CATAN;0
23;CZ;C6;CZC6;CZC61;1;CATAN;0
24;CZ;C6;CZC6;CZC62;2;CATAN;0
25;ZU;B1;ZUB1;ZUB11;1;CATAN;0
26;ZU;B1;ZUB1;ZUB12;2;CATAN;0
27;ZU;B2;ZUB2;ZUB21;1;CATAN;0
28;ZU;B2;ZUB2;ZUB22;2;CATAN;0
29;ZU;B3;ZUB3;ZUB31;1;CATAN;0
30;ZU;B3;ZUB3;ZUB32;2;CATAN;0
31;ZU;B4;ZUB4;ZUB41;1;CATAN;0
32;ZU;B4;ZUB4;ZUB42;2;CATAN;0
33;ZU;B5;ZUB5;ZUB51;1;CATAN;0
34;ZU;B5;ZUB5;ZUB52;2;CATAN;0
35;ZU;B6;ZUB6;ZUB61;1;CATAN;0
36;ZU;B6;ZUB6;ZUB62;2;CATAN;0
37;ZU;C1;ZUC1;ZUC11;1;CATAN;0
38;ZU;C1;ZUC1;ZUC12;2;CATAN;0
39;ZU;C2;ZUC2;ZUC21;1;CATAN;0
40;ZU;C2;ZUC2;ZUC22;2;CATAN;0
41;ZU;C3;ZUC3;ZUC31;1;CATAN;0
42;ZU;C3;ZUC3;ZUC32;2;CATAN;0
43;ZU;C4;ZUC4;ZUC41;1;CATAN;0
44;ZU;C4;ZUC4;ZUC42;2;CATAN;0
45;ZU;C5;ZUC5;ZUC51;1;CATAN;0
46;ZU;C5;ZUC5;ZUC52;2;CATAN;0
47;ZU;C6;ZUC6;ZUC61;1;CATAN;0
48;ZU;C6;ZUC6;ZUC62;2;CATAN;0
49;TW;B1;TWB1;TWB11;1;CATAN;0
50;TW;B1;TWB1;TWB12;2;CATAN;0
51;TW;B2;TWB2;TWB21;1;CATAN;0
52;TW;B2;TWB2;TWB22;2;CATAN;0
53;TW;B3;TWB3;TWB31;1;CATAN;0
54;TW;B3;TWB3;TWB32;2;CATAN;0
55;TW;B4;TWB4;TWB41;1;CATAN;0
56;TW;B4;TWB4;TWB42;2;CATAN;0
57;TW;B5;TWB5;TWB51;1;CATAN;0
58;TW;B5;TWB5;TWB52;2;CATAN;0
59;TW;B6;TWB6;TWB61;1;CATAN;0
60;TW;B6;TWB6;TWB62;2;CATAN;0
61;TW;C1;TWC1;TWC11;1;CATAN;0
62;TW;C1;TWC1;TWC12;2;CATAN;0
63;TW;C2;TWC2;TWC21;1;CATAN;0
64;TW;C2;TWC2;TWC22;2;CATAN;0
65;TW;C3;TWC3;TWC31;1;CATAN;0
66;TW;C3;TWC3;TWC32;2;CATAN;1
67;TW;C4;TWC4;TWC41;1;CATAN;0
68;TW;C4;TWC4;TWC42;2;CATAN;0
69;TW;C5;TWC5;TWC51;1;CATAN;0
70;TW;C5;TWC5;TWC52;2;CATAN;0
71;TW;C6;TWC6;TWC61;1;CATAN;0
72;TW;C6;TWC6;TWC62;2;CATAN;0
73;CZ;B1;CZB1;CZB11;1;COLME;3
74;CZ;B1;CZB1;CZB12;2;COLME;0
75;CZ;B2;CZB2;CZB21;1;COLME;0
76;CZ;B2;CZB2;CZB22;2;COLME;0
77;CZ;B3;CZB3;CZB31;1;COLME;0
78;CZ;B3;CZB3;CZB32;2;COLME;1
79;CZ;B4;CZB4;CZB41;1;COLME;0
80;CZ;B4;CZB4;CZB42;2;COLME;0
81;CZ;B5;CZB5;CZB51;1;COLME;0
82;CZ;B5;CZB5;CZB52;2;COLME;0
83;CZ;B6;CZB6;CZB61;1;COLME;0
84;CZ;B6;CZB6;CZB62;2;COLME;0
85;CZ;C1;CZC1;CZC11;1;COLME;0
86;CZ;C1;CZC1;CZC12;2;COLME;1
87;CZ;C2;CZC2;CZC21;1;COLME;0
88;CZ;C2;CZC2;CZC22;2;COLME;1
89;CZ;C3;CZC3;CZC31;1;COLME;1
90;CZ;C3;CZC3;CZC32;2;COLME;2
91;CZ;C4;CZC4;CZC41;1;COLME;0
92;CZ;C4;CZC4;CZC42;2;COLME;0
93;CZ;C5;CZC5;CZC51;1;COLME;0
94;CZ;C5;CZC5;CZC52;2;COLME;0
95;CZ;C6;CZC6;CZC61;1;COLME;0
96;CZ;C6;CZC6;CZC62;2;COLME;0
97;ZU;B1;ZUB1;ZUB11;1;COLME;0
98;ZU;B1;ZUB1;ZUB12;2;COLME;0
99;ZU;B2;ZUB2;ZUB21;1;COLME;0
100;ZU;B2;ZUB2;ZUB22;2;COLME;0
101;ZU;B3;ZUB3;ZUB31;1;COLME;0
102;ZU;B3;ZUB3;ZUB32;2;COLME;0
103;ZU;B4;ZUB4;ZUB41;1;COLME;0
104;ZU;B4;ZUB4;ZUB42;2;COLME;0
105;ZU;B5;ZUB5;ZUB51;1;COLME;0
106;ZU;B5;ZUB5;ZUB52;2;COLME;0
107;ZU;B6;ZUB6;ZUB61;1;COLME;0
108;ZU;B6;ZUB6;ZUB62;2;COLME;0
109;ZU;C1;ZUC1;ZUC11;1;COLME;0
110;ZU;C1;ZUC1;ZUC12;2;COLME;0
111;ZU;C2;ZUC2;ZUC21;1;COLME;0
112;ZU;C2;ZUC2;ZUC22;2;COLME;0
113;ZU;C3;ZUC3;ZUC31;1;COLME;0
114;ZU;C3;ZUC3;ZUC32;2;COLME;0
115;ZU;C4;ZUC4;ZUC41;1;COLME;0
116;ZU;C4;ZUC4;ZUC42;2;COLME;0
117;ZU;C5;ZUC5;ZUC51;1;COLME;0
118;ZU;C5;ZUC5;ZUC52;2;COLME;0
119;ZU;C6;ZUC6;ZUC61;1;COLME;0
120;ZU;C6;ZUC6;ZUC62;2;COLME;0
121;TW;B1;TWB1;TWB11;1;COLME;0
122;TW;B1;TWB1;TWB12;2;COLME;0
123;TW;B2;TWB2;TWB21;1;COLME;0
124;TW;B2;TWB2;TWB22;2;COLME;0
125;TW;B3;TWB3;TWB31;1;COLME;0
126;TW;B3;TWB3;TWB32;2;COLME;0
127;TW;B4;TWB4;TWB41;1;COLME;0
128;TW;B4;TWB4;TWB42;2;COLME;0
129;TW;B5;TWB5;TWB51;1;COLME;0
130;TW;B5;TWB5;TWB52;2;COLME;0
131;TW;B6;TWB6;TWB61;1;COLME;0
132;TW;B6;TWB6;TWB62;2;COLME;0
133;TW;C1;TWC1;TWC11;1;COLME;0
134;TW;C1;TWC1;TWC12;2;COLME;0
135;TW;C2;TWC2;TWC21;1;COLME;0
136;TW;C2;TWC2;TWC22;2;COLME;0
137;TW;C3;TWC3;TWC31;1;COLME;0
138;TW;C3;TWC3;TWC32;2;COLME;0
139;TW;C4;TWC4;TWC41;1;COLME;0
140;TW;C4;TWC4;TWC42;2;COLME;0
141;TW;C5;TWC5;TWC51;1;COLME;0
142;TW;C5;TWC5;TWC52;2;COLME;0
143;TW;C6;TWC6;TWC61;1;COLME;0
144;TW;C6;TWC6;TWC62;2;COLME;0
145;CZ;B1;CZB1;CZB11;1;KNIAT;0
146;CZ;B1;CZB1;CZB12;2;KNIAT;0
147;CZ;B2;CZB2;CZB21;1;KNIAT;0
148;CZ;B2;CZB2;CZB22;2;KNIAT;0
149;CZ;B3;CZB3;CZB31;1;KNIAT;0
150;CZ;B3;CZB3;CZB32;2;KNIAT;0
151;CZ;B4;CZB4;CZB41;1;KNIAT;0
152;CZ;B4;CZB4;CZB42;2;KNIAT;0
153;CZ;B5;CZB5;CZB51;1;KNIAT;0
154;CZ;B5;CZB5;CZB52;2;KNIAT;0
155;CZ;B6;CZB6;CZB61;1;KNIAT;0
156;CZ;B6;CZB6;CZB62;2;KNIAT;1
157;CZ;C1;CZC1;CZC11;1;KNIAT;0
158;CZ;C1;CZC1;CZC12;2;KNIAT;0
159;CZ;C2;CZC2;CZC21;1;KNIAT;0
160;CZ;C2;CZC2;CZC22;2;KNIAT;0
161;CZ;C3;CZC3;CZC31;1;KNIAT;0
162;CZ;C3;CZC3;CZC32;2;KNIAT;0
163;CZ;C4;CZC4;CZC41;1;KNIAT;0
164;CZ;C4;CZC4;CZC42;2;KNIAT;0
165;CZ;C5;CZC5;CZC51;1;KNIAT;0
166;CZ;C5;CZC5;CZC52;2;KNIAT;0
167;CZ;C6;CZC6;CZC61;1;KNIAT;0
168;CZ;C6;CZC6;CZC62;2;KNIAT;0
169;ZU;B1;ZUB1;ZUB11;1;KNIAT;0
170;ZU;B1;ZUB1;ZUB12;2;KNIAT;0
171;ZU;B2;ZUB2;ZUB21;1;KNIAT;0
172;ZU;B2;ZUB2;ZUB22;2;KNIAT;0
173;ZU;B3;ZUB3;ZUB31;1;KNIAT;0
174;ZU;B3;ZUB3;ZUB32;2;KNIAT;0
175;ZU;B4;ZUB4;ZUB41;1;KNIAT;0
176;ZU;B4;ZUB4;ZUB42;2;KNIAT;0
177;ZU;B5;ZUB5;ZUB51;1;KNIAT;0
178;ZU;B5;ZUB5;ZUB52;2;KNIAT;0
179;ZU;B6;ZUB6;ZUB61;1;KNIAT;0
180;ZU;B6;ZUB6;ZUB62;2;KNIAT;0
181;ZU;C1;ZUC1;ZUC11;1;KNIAT;0
182;ZU;C1;ZUC1;ZUC12;2;KNIAT;0
183;ZU;C2;ZUC2;ZUC21;1;KNIAT;0
184;ZU;C2;ZUC2;ZUC22;2;KNIAT;0
185;ZU;C3;ZUC3;ZUC31;1;KNIAT;0
186;ZU;C3;ZUC3;ZUC32;2;KNIAT;0
187;ZU;C4;ZUC4;ZUC41;1;KNIAT;0
188;ZU;C4;ZUC4;ZUC42;2;KNIAT;0
189;ZU;C5;ZUC5;ZUC51;1;KNIAT;0
190;ZU;C5;ZUC5;ZUC52;2;KNIAT;0
191;ZU;C6;ZUC6;ZUC61;1;KNIAT;0
192;ZU;C6;ZUC6;ZUC62;2;KNIAT;0
193;TW;B1;TWB1;TWB11;1;KNIAT;0
194;TW;B1;TWB1;TWB12;2;KNIAT;0
195;TW;B2;TWB2;TWB21;1;KNIAT;0
196;TW;B2;TWB2;TWB22;2;KNIAT;2
197;TW;B3;TWB3;TWB31;1;KNIAT;0
198;TW;B3;TWB3;TWB32;2;KNIAT;0
199;TW;B4;TWB4;TWB41;1;KNIAT;0
200;TW;B4;TWB4;TWB42;2;KNIAT;0
201;TW;B5;TWB5;TWB51;1;KNIAT;0
202;TW;B5;TWB5;TWB52;2;KNIAT;0
203;TW;B6;TWB6;TWB61;1;KNIAT;0
204;TW;B6;TWB6;TWB62;2;KNIAT;0
205;TW;C1;TWC1;TWC11;1;KNIAT;0
206;TW;C1;TWC1;TWC12;2;KNIAT;0
207;TW;C2;TWC2;TWC21;1;KNIAT;0
208;TW;C2;TWC2;TWC22;2;KNIAT;0
209;TW;C3;TWC3;TWC31;1;KNIAT;0
210;TW;C3;TWC3;TWC32;2;KNIAT;0
211;TW;C4;TWC4;TWC41;1;KNIAT;0
212;TW;C4;TWC4;TWC42;2;KNIAT;0
213;TW;C5;TWC5;TWC51;1;KNIAT;0
214;TW;C5;TWC5;TWC52;2;KNIAT;0
215;TW;C6;TWC6;TWC61;1;KNIAT;0
216;TW;C6;TWC6;TWC62;2;KNIAT;0
217;CZ;B1;CZB1;CZB11;1;LEILO;0
218;CZ;B1;CZB1;CZB12;2;LEILO;0
219;CZ;B2;CZB2;CZB21;1;LEILO;0
220;CZ;B2;CZB2;CZB22;2;LEILO;0
221;CZ;B3;CZB3;CZB31;1;LEILO;1
222;CZ;B3;CZB3;CZB32;2;LEILO;0
223;CZ;B4;CZB4;CZB41;1;LEILO;0
224;CZ;B4;CZB4;CZB42;2;LEILO;0
225;CZ;B5;CZB5;CZB51;1;LEILO;2
226;CZ;B5;CZB5;CZB52;2;LEILO;0
227;CZ;B6;CZB6;CZB61;1;LEILO;0
228;CZ;B6;CZB6;CZB62;2;LEILO;0
229;CZ;C1;CZC1;CZC11;1;LEILO;4
230;CZ;C1;CZC1;CZC12;2;LEILO;0
231;CZ;C2;CZC2;CZC21;1;LEILO;0
232;CZ;C2;CZC2;CZC22;2;LEILO;0
233;CZ;C3;CZC3;CZC31;1;LEILO;1
234;CZ;C3;CZC3;CZC32;2;LEILO;0
235;CZ;C4;CZC4;CZC41;1;LEILO;2
236;CZ;C4;CZC4;CZC42;2;LEILO;0
237;CZ;C5;CZC5;CZC51;1;LEILO;0
238;CZ;C5;CZC5;CZC52;2;LEILO;1
239;CZ;C6;CZC6;CZC61;1;LEILO;0
240;CZ;C6;CZC6;CZC62;2;LEILO;0
241;ZU;B1;ZUB1;ZUB11;1;LEILO;0
242;ZU;B1;ZUB1;ZUB12;2;LEILO;1
243;ZU;B2;ZUB2;ZUB21;1;LEILO;0
244;ZU;B2;ZUB2;ZUB22;2;LEILO;1
245;ZU;B3;ZUB3;ZUB31;1;LEILO;0
246;ZU;B3;ZUB3;ZUB32;2;LEILO;1
247;ZU;B4;ZUB4;ZUB41;1;LEILO;2
248;ZU;B4;ZUB4;ZUB42;2;LEILO;0
249;ZU;B5;ZUB5;ZUB51;1;LEILO;0
250;ZU;B5;ZUB5;ZUB52;2;LEILO;0
251;ZU;B6;ZUB6;ZUB61;1;LEILO;1
252;ZU;B6;ZUB6;ZUB62;2;LEILO;1
253;ZU;C1;ZUC1;ZUC11;1;LEILO;0
254;ZU;C1;ZUC1;ZUC12;2;LEILO;1
255;ZU;C2;ZUC2;ZUC21;1;LEILO;1
256;ZU;C2;ZUC2;ZUC22;2;LEILO;0
257;ZU;C3;ZUC3;ZUC31;1;LEILO;1
258;ZU;C3;ZUC3;ZUC32;2;LEILO;0
259;ZU;C4;ZUC4;ZUC41;1;LEILO;0
260;ZU;C4;ZUC4;ZUC42;2;LEILO;0
261;ZU;C5;ZUC5;ZUC51;1;LEILO;0
262;ZU;C5;ZUC5;ZUC52;2;LEILO;1
263;ZU;C6;ZUC6;ZUC61;1;LEILO;3
264;ZU;C6;ZUC6;ZUC62;2;LEILO;0
265;TW;B1;TWB1;TWB11;1;LEILO;0
266;TW;B1;TWB1;TWB12;2;LEILO;0
267;TW;B2;TWB2;TWB21;1;LEILO;0
268;TW;B2;TWB2;TWB22;2;LEILO;0
269;TW;B3;TWB3;TWB31;1;LEILO;0
270;TW;B3;TWB3;TWB32;2;LEILO;0
271;TW;B4;TWB4;TWB41;1;LEILO;0
272;TW;B4;TWB4;TWB42;2;LEILO;1
273;TW;B5;TWB5;TWB51;1;LEILO;0
274;TW;B5;TWB5;TWB52;2;LEILO;0
275;TW;B6;TWB6;TWB61;1;LEILO;0
276;TW;B6;TWB6;TWB62;2;LEILO;0
277;TW;C1;TWC1;TWC11;1;LEILO;0
278;TW;C1;TWC1;TWC12;2;LEILO;2
279;TW;C2;TWC2;TWC21;1;LEILO;0
280;TW;C2;TWC2;TWC22;2;LEILO;1
281;TW;C3;TWC3;TWC31;1;LEILO;0
282;TW;C3;TWC3;TWC32;2;LEILO;0
283;TW;C4;TWC4;TWC41;1;LEILO;0
284;TW;C4;TWC4;TWC42;2;LEILO;1
285;TW;C5;TWC5;TWC51;1;LEILO;0
286;TW;C5;TWC5;TWC52;2;LEILO;0
287;TW;C6;TWC6;TWC61;1;LEILO;1
288;TW;C6;TWC6;TWC62;2;LEILO;0
289;CZ;B1;CZB1;CZB11;1;MIMPA;0
290;CZ;B1;CZB1;CZB12;2;MIMPA;0
291;CZ;B2;CZB2;CZB21;1;MIMPA;0
292;CZ;B2;CZB2;CZB22;2;MIMPA;0
293;CZ;B3;CZB3;CZB31;1;MIMPA;0
294;CZ;B3;CZB3;CZB32;2;MIMPA;0
295;CZ;B4;CZB4;CZB41;1;MIMPA;0
296;CZ;B4;CZB4;CZB42;2;MIMPA;0
297;CZ;B5;CZB5;CZB51;1;MIMPA;0
298;CZ;B5;CZB5;CZB52;2;MIMPA;0
299;CZ;B6;CZB6;CZB61;1;MIMPA;0
300;CZ;B6;CZB6;CZB62;2;MIMPA;0
301;CZ;C1;CZC1;CZC11;1;MIMPA;0
302;CZ;C1;CZC1;CZC12;2;MIMPA;0
303;CZ;C2;CZC2;CZC21;1;MIMPA;0
304;CZ;C2;CZC2;CZC22;2;MIMPA;0
305;CZ;C3;CZC3;CZC31;1;MIMPA;0
306;CZ;C3;CZC3;CZC32;2;MIMPA;0
307;CZ;C4;CZC4;CZC41;1;MIMPA;0
308;CZ;C4;CZC4;CZC42;2;MIMPA;0
309;CZ;C5;CZC5;CZC51;1;MIMPA;0
310;CZ;C5;CZC5;CZC52;2;MIMPA;0
311;CZ;C6;CZC6;CZC61;1;MIMPA;0
312;CZ;C6;CZC6;CZC62;2;MIMPA;0
313;ZU;B1;ZUB1;ZUB11;1;MIMPA;0
314;ZU;B1;ZUB1;ZUB12;2;MIMPA;0
315;ZU;B2;ZUB2;ZUB21;1;MIMPA;0
316;ZU;B2;ZUB2;ZUB22;2;MIMPA;0
317;ZU;B3;ZUB3;ZUB31;1;MIMPA;0
318;ZU;B3;ZUB3;ZUB32;2;MIMPA;0
319;ZU;B4;ZUB4;ZUB41;1;MIMPA;0
320;ZU;B4;ZUB4;ZUB42;2;MIMPA;0
321;ZU;B5;ZUB5;ZUB51;1;MIMPA;0
322;ZU;B5;ZUB5;ZUB52;2;MIMPA;0
323;ZU;B6;ZUB6;ZUB61;1;MIMPA;0
324;ZU;B6;ZUB6;ZUB62;2;MIMPA;0
325;ZU;C1;ZUC1;ZUC11;1;MIMPA;0
326;ZU;C1;ZUC1;ZUC12;2;MIMPA;0
327;ZU;C2;ZUC2;ZUC21;1;MIMPA;0
328;ZU;C2;ZUC2;ZUC22;2;MIMPA;0
329;ZU;C3;ZUC3;ZUC31;1;MIMPA;0
330;ZU;C3;ZUC3;ZUC32;2;MIMPA;0
331;ZU;C4;ZUC4;ZUC41;1;MIMPA;0
332;ZU;C4;ZUC4;ZUC42;2;MIMPA;0
333;ZU;C5;ZUC5;ZUC51;1;MIMPA;0
334;ZU;C5;ZUC5;ZUC52;2;MIMPA;0
335;ZU;C6;ZUC6;ZUC61;1;MIMPA;0
336;ZU;C6;ZUC6;ZUC62;2;MIMPA;0
337;TW;B1;TWB1;TWB11;1;MIMPA;0
338;TW;B1;TWB1;TWB12;2;MIMPA;0
339;TW;B2;TWB2;TWB21;1;MIMPA;0
340;TW;B2;TWB2;TWB22;2;MIMPA;0
341;TW;B3;TWB3;TWB31;1;MIMPA;0
342;TW;B3;TWB3;TWB32;2;MIMPA;1
343;TW;B4;TWB4;TWB41;1;MIMPA;0
344;TW;B4;TWB4;TWB42;2;MIMPA;0
345;TW;B5;TWB5;TWB51;1;MIMPA;0
346;TW;B5;TWB5;TWB52;2;MIMPA;0
347;TW;B6;TWB6;TWB61;1;MIMPA;0
348;TW;B6;TWB6;TWB62;2;MIMPA;0
349;TW;C1;TWC1;TWC11;1;MIMPA;0
350;TW;C1;TWC1;TWC12;2;MIMPA;0
351;TW;C2;TWC2;TWC21;1;MIMPA;0
352;TW;C2;TWC2;TWC22;2;MIMPA;0
353;TW;C3;TWC3;TWC31;1;MIMPA;0
354;TW;C3;TWC3;TWC32;2;MIMPA;0
355;TW;C4;TWC4;TWC41;1;MIMPA;0
356;TW;C4;TWC4;TWC42;2;MIMPA;0
357;TW;C5;TWC5;TWC51;1;MIMPA;0
358;TW;C5;TWC5;TWC52;2;MIMPA;0
359;TW;C6;TWC6;TWC61;1;MIMPA;0
360;TW;C6;TWC6;TWC62;2;MIMPA;0
361;CZ;B1;CZB1;CZB11;1;MOLBO;0
362;CZ;B1;CZB1;CZB12;2;MOLBO;0
363;CZ;B2;CZB2;CZB21;1;MOLBO;0
364;CZ;B2;CZB2;CZB22;2;MOLBO;0
365;CZ;B3;CZB3;CZB31;1;MOLBO;0
366;CZ;B3;CZB3;CZB32;2;MOLBO;0
367;CZ;B4;CZB4;CZB41;1;MOLBO;0
368;CZ;B4;CZB4;CZB42;2;MOLBO;0
369;CZ;B5;CZB5;CZB51;1;MOLBO;0
370;CZ;B5;CZB5;CZB52;2;MOLBO;0
371;CZ;B6;CZB6;CZB61;1;MOLBO;0
372;CZ;B6;CZB6;CZB62;2;MOLBO;0
373;CZ;C1;CZC1;CZC11;1;MOLBO;0
374;CZ;C1;CZC1;CZC12;2;MOLBO;0
375;CZ;C2;CZC2;CZC21;1;MOLBO;0
376;CZ;C2;CZC2;CZC22;2;MOLBO;0
377;CZ;C3;CZC3;CZC31;1;MOLBO;2
378;CZ;C3;CZC3;CZC32;2;MOLBO;0
379;CZ;C4;CZC4;CZC41;1;MOLBO;0
380;CZ;C4;CZC4;CZC42;2;MOLBO;0
381;CZ;C5;CZC5;CZC51;1;MOLBO;0
382;CZ;C5;CZC5;CZC52;2;MOLBO;0
383;CZ;C6;CZC6;CZC61;1;MOLBO;0
384;CZ;C6;CZC6;CZC62;2;MOLBO;0
385;ZU;B1;ZUB1;ZUB11;1;MOLBO;0
386;ZU;B1;ZUB1;ZUB12;2;MOLBO;0
387;ZU;B2;ZUB2;ZUB21;1;MOLBO;0
388;ZU;B2;ZUB2;ZUB22;2;MOLBO;0
389;ZU;B3;ZUB3;ZUB31;1;MOLBO;0
390;ZU;B3;ZUB3;ZUB32;2;MOLBO;0
391;ZU;B4;ZUB4;ZUB41;1;MOLBO;0
392;ZU;B4;ZUB4;ZUB42;2;MOLBO;0
393;ZU;B5;ZUB5;ZUB51;1;MOLBO;0
394;ZU;B5;ZUB5;ZUB52;2;MOLBO;0
395;ZU;B6;ZUB6;ZUB61;1;MOLBO;0
396;ZU;B6;ZUB6;ZUB62;2;MOLBO;0
397;ZU;C1;ZUC1;ZUC11;1;MOLBO;0
398;ZU;C1;ZUC1;ZUC12;2;MOLBO;0
399;ZU;C2;ZUC2;ZUC21;1;MOLBO;0
400;ZU;C2;ZUC2;ZUC22;2;MOLBO;0
401;ZU;C3;ZUC3;ZUC31;1;MOLBO;0
402;ZU;C3;ZUC3;ZUC32;2;MOLBO;0
403;ZU;C4;ZUC4;ZUC41;1;MOLBO;0
404;ZU;C4;ZUC4;ZUC42;2;MOLBO;0
405;ZU;C5;ZUC5;ZUC51;1;MOLBO;0
406;ZU;C5;ZUC5;ZUC52;2;MOLBO;0
407;ZU;C6;ZUC6;ZUC61;1;MOLBO;0
408;ZU;C6;ZUC6;ZUC62;2;MOLBO;0
409;TW;B1;TWB1;TWB11;1;MOLBO;0
410;TW;B1;TWB1;TWB12;2;MOLBO;0
411;TW;B2;TWB2;TWB21;1;MOLBO;0
412;TW;B2;TWB2;TWB22;2;MOLBO;0
413;TW;B3;TWB3;TWB31;1;MOLBO;1
414;TW;B3;TWB3;TWB32;2;MOLBO;0
415;TW;B4;TWB4;TWB41;1;MOLBO;2
416;TW;B4;TWB4;TWB42;2;MOLBO;0
417;TW;B5;TWB5;TWB51;1;MOLBO;4
418;TW;B5;TWB5;TWB52;2;MOLBO;0
419;TW;B6;TWB6;TWB61;1;MOLBO;0
420;TW;B6;TWB6;TWB62;2;MOLBO;0
421;TW;C1;TWC1;TWC11;1;MOLBO;0
422;TW;C1;TWC1;TWC12;2;MOLBO;0
423;TW;C2;TWC2;TWC21;1;MOLBO;0
424;TW;C2;TWC2;TWC22;2;MOLBO;0
425;TW;C3;TWC3;TWC31;1;MOLBO;0
426;TW;C3;TWC3;TWC32;2;MOLBO;0
427;TW;C4;TWC4;TWC41;1;MOLBO;0
428;TW;C4;TWC4;TWC42;2;MOLBO;0
429;TW;C5;TWC5;TWC51;1;MOLBO;0
430;TW;C5;TWC5;TWC52;2;MOLBO;0
431;TW;C6;TWC6;TWC61;1;MOLBO;0
432;TW;C6;TWC6;TWC62;2;MOLBO;0
433;CZ;B1;CZB1;CZB11;1;PASDO;0
434;CZ;B1;CZB1;CZB12;2;PASDO;0
435;CZ;B2;CZB2;CZB21;1;PASDO;0
436;CZ;B2;CZB2;CZB22;2;PASDO;1
437;CZ;B3;CZB3;CZB31;1;PASDO;0
438;CZ;B3;CZB3;CZB32;2;PASDO;0
439;CZ;B4;CZB4;CZB41;1;PASDO;0
440;CZ;B4;CZB4;CZB42;2;PASDO;1
441;CZ;B5;CZB5;CZB51;1;PASDO;0
442;CZ;B5;CZB5;CZB52;2;PASDO;0
443;CZ;B6;CZB6;CZB61;1;PASDO;0
444;CZ;B6;CZB6;CZB62;2;PASDO;1
445;CZ;C1;CZC1;CZC11;1;PASDO;0
446;CZ;C1;CZC1;CZC12;2;PASDO;0
447;CZ;C2;CZC2;CZC21;1;PASDO;0
448;CZ;C2;CZC2;CZC22;2;PASDO;0
449;CZ;C3;CZC3;CZC31;1;PASDO;0
450;CZ;C3;CZC3;CZC32;2;PASDO;0
451;CZ;C4;CZC4;CZC41;1;PASDO;0
452;CZ;C4;CZC4;CZC42;2;PASDO;0
453;CZ;C5;CZC5;CZC51;1;PASDO;0
454;CZ;C5;CZC5;CZC52;2;PASDO;0
455;CZ;C6;CZC6;CZC61;1;PASDO;0
456;CZ;C6;CZC6;CZC62;2;PASDO;0
457;ZU;B1;ZUB1;ZUB11;1;PASDO;0
458;ZU;B1;ZUB1;ZUB12;2;PASDO;0
459;ZU;B2;ZUB2;ZUB21;1;PASDO;0
460;ZU;B2;ZUB2;ZUB22;2;PASDO;0
461;ZU;B3;ZUB3;ZUB31;1;PASDO;0
462;ZU;B3;ZUB3;ZUB32;2;PASDO;0
463;ZU;B4;ZUB4;ZUB41;1;PASDO;0
464;ZU;B4;ZUB4;ZUB42;2;PASDO;0
465;ZU;B5;ZUB5;ZUB51;1;PASDO;0
466;ZU;B5;ZUB5;ZUB52;2;PASDO;0
467;ZU;B6;ZUB6;ZUB61;1;PASDO;0
468;ZU;B6;ZUB6;ZUB62;2;PASDO;0
469;ZU;C1;ZUC1;ZUC11;1;PASDO;0
470;ZU;C1;ZUC1;ZUC12;2;PASDO;0
471;ZU;C2;ZUC2;ZUC21;1;PASDO;0
472;ZU;C2;ZUC2;ZUC22;2;PASDO;0
473;ZU;C3;ZUC3;ZUC31;1;PASDO;0
474;ZU;C3;ZUC3;ZUC32;2;PASDO;0
475;ZU;C4;ZUC4;ZUC41;1;PASDO;0
476;ZU;C4;ZUC4;ZUC42;2;PASDO;0
477;ZU;C5;ZUC5;ZUC51;1;PASDO;0
478;ZU;C5;ZUC5;ZUC52;2;PASDO;0
479;ZU;C6;ZUC6;ZUC61;1;PASDO;0
480;ZU;C6;ZUC6;ZUC62;2;PASDO;0
481;TW;B1;TWB1;TWB11;1;PASDO;0
482;TW;B1;TWB1;TWB12;2;PASDO;0
483;TW;B2;TWB2;TWB21;1;PASDO;0
484;TW;B2;TWB2;TWB22;2;PASDO;0
485;TW;B3;TWB3;TWB31;1;PASDO;0
486;TW;B3;TWB3;TWB32;2;PASDO;0
487;TW;B4;TWB4;TWB41;1;PASDO;0
488;TW;B4;TWB4;TWB42;2;PASDO;0
489;TW;B5;TWB5;TWB51;1;PASDO;0
490;TW;B5;TWB5;TWB52;2;PASDO;0
491;TW;B6;TWB6;TWB61;1;PASDO;0
492;TW;B6;TWB6;TWB62;2;PASDO;0
493;TW;C1;TWC1;TWC11;1;PASDO;0
494;TW;C1;TWC1;TWC12;2;PASDO;0
495;TW;C2;TWC2;TWC21;1;PASDO;0
496;TW;C2;TWC2;TWC22;2;PASDO;0
497;TW;C3;TWC3;TWC31;1;PASDO;0
498;TW;C3;TWC3;TWC32;2;PASDO;0
499;TW;C4;TWC4;TWC41;1;PASDO;0
500;TW;C4;TWC4;TWC42;2;PASDO;0
501;TW;C5;TWC5;TWC51;1;PASDO;0
502;TW;C5;TWC5;TWC52;2;PASDO;0
503;TW;C6;TWC6;TWC61;1;PASDO;0
504;TW;C6;TWC6;TWC62;2;PASDO;0
505;CZ;B1;CZB1;CZB11;1;PATMA;0
506;CZ;B1;CZB1;CZB12;2;PATMA;0
507;CZ;B2;CZB2;CZB21;1;PATMA;0
508;CZ;B2;CZB2;CZB22;2;PATMA;0
509;CZ;B3;CZB3;CZB31;1;PATMA;0
510;CZ;B3;CZB3;CZB32;2;PATMA;0
511;CZ;B4;CZB4;CZB41;1;PATMA;0
512;CZ;B4;CZB4;CZB42;2;PATMA;0
513;CZ;B5;CZB5;CZB51;1;PATMA;0
514;CZ;B5;CZB5;CZB52;2;PATMA;0
515;CZ;B6;CZB6;CZB61;1;PATMA;0
516;CZ;B6;CZB6;CZB62;2;PATMA;0
517;CZ;C1;CZC1;CZC11;1;PATMA;0
518;CZ;C1;CZC1;CZC12;2;PATMA;0
519;CZ;C2;CZC2;CZC21;1;PATMA;0
520;CZ;C2;CZC2;CZC22;2;PATMA;0
521;CZ;C3;CZC3;CZC31;1;PATMA;0
522;CZ;C3;CZC3;CZC32;2;PATMA;1
523;CZ;C4;CZC4;CZC41;1;PATMA;0
524;CZ;C4;CZC4;CZC42;2;PATMA;0
525;CZ;C5;CZC5;CZC51;1;PATMA;0
526;CZ;C5;CZC5;CZC52;2;PATMA;0
527;CZ;C6;CZC6;CZC61;1;PATMA;0
528;CZ;C6;CZC6;CZC62;2;PATMA;0
529;ZU;B1;ZUB1;ZUB11;1;PATMA;0
530;ZU;B1;ZUB1;ZUB12;2;PATMA;0
531;ZU;B2;ZUB2;ZUB21;1;PATMA;0
532;ZU;B2;ZUB2;ZUB22;2;PATMA;0
533;ZU;B3;ZUB3;ZUB31;1;PATMA;0
534;ZU;B3;ZUB3;ZUB32;2;PATMA;0
535;ZU;B4;ZUB4;ZUB41;1;PATMA;0
536;ZU;B4;ZUB4;ZUB42;2;PATMA;0
537;ZU;B5;ZUB5;ZUB51;1;PATMA;0
538;ZU;B5;ZUB5;ZUB52;2;PATMA;0
539;ZU;B6;ZUB6;ZUB61;1;PATMA;0
540;ZU;B6;ZUB6;ZUB62;2;PATMA;0
541;ZU;C1;ZUC1;ZUC11;1;PATMA;0
542;ZU;C1;ZUC1;ZUC12;2;PATMA;0
543;ZU;C2;ZUC2;ZUC21;1;PATMA;0
544;ZU;C2;ZUC2;ZUC22;2;PATMA;0
545;ZU;C3;ZUC3;ZUC31;1;PATMA;0
546;ZU;C3;ZUC3;ZUC32;2;PATMA;0
547;ZU;C4;ZUC4;ZUC41;1;PATMA;0
548;ZU;C4;ZUC4;ZUC42;2;PATMA;0
549;ZU;C5;ZUC5;ZUC51;1;PATMA;0
550;ZU;C5;ZUC5;ZUC52;2;PATMA;0
551;ZU;C6;ZUC6;ZUC61;1;PATMA;0
552;ZU;C6;ZUC6;ZUC62;2;PATMA;0
553;TW;B1;TWB1;TWB11;1;PATMA;0
554;TW;B1;TWB1;TWB12;2;PATMA;0
555;TW;B2;TWB2;TWB21;1;PATMA;0
556;TW;B2;TWB2;TWB22;2;PATMA;0
557;TW;B3;TWB3;TWB31;1;PATMA;0
558;TW;B3;TWB3;TWB32;2;PATMA;0
559;TW;B4;TWB4;TWB41;1;PATMA;0
560;TW;B4;TWB4;TWB42;2;PATMA;0
561;TW;B5;TWB5;TWB51;1;PATMA;0
562;TW;B5;TWB5;TWB52;2;PATMA;0
563;TW;B6;TWB6;TWB61;1;PATMA;0
564;TW;B6;TWB6;TWB62;2;PATMA;0
565;TW;C1;TWC1;TWC11;1;PATMA;0
566;TW;C1;TWC1;TWC12;2;PATMA;0
567;TW;C2;TWC2;TWC21;1;PATMA;0
568;TW;C2;TWC2;TWC22;2;PATMA;0
569;TW;C3;TWC3;TWC31;1;PATMA;0
570;TW;C3;TWC3;TWC32;2;PATMA;0
571;TW;C4;TWC4;TWC41;1;PATMA;0
572;TW;C4;TWC4;TWC42;2;PATMA;0
573;TW;C5;TWC5;TWC51;1;PATMA;0
574;TW;C5;TWC5;TWC52;2;PATMA;0
575;TW;C6;TWC6;TWC61;1;PATMA;0
576;TW;C6;TWC6;TWC62;2;PATMA;0
577;CZ;B1;CZB1;CZB11;1;PHRGA;0
578;CZ;B1;CZB1;CZB12;2;PHRGA;0
579;CZ;B2;CZB2;CZB21;1;PHRGA;0
580;CZ;B2;CZB2;CZB22;2;PHRGA;0
581;CZ;B3;CZB3;CZB31;1;PHRGA;0
582;CZ;B3;CZB3;CZB32;2;PHRGA;0
583;CZ;B4;CZB4;CZB41;1;PHRGA;0
584;CZ;B4;CZB4;CZB42;2;PHRGA;0
585;CZ;B5;CZB5;CZB51;1;PHRGA;0
586;CZ;B5;CZB5;CZB52;2;PHRGA;0
587;CZ;B6;CZB6;CZB61;1;PHRGA;0
588;CZ;B6;CZB6;CZB62;2;PHRGA;0
589;CZ;C1;CZC1;CZC11;1;PHRGA;0
590;CZ;C1;CZC1;CZC12;2;PHRGA;0
591;CZ;C2;CZC2;CZC21;1;PHRGA;0
592;CZ;C2;CZC2;CZC22;2;PHRGA;0
593;CZ;C3;CZC3;CZC31;1;PHRGA;0
594;CZ;C3;CZC3;CZC32;2;PHRGA;0
595;CZ;C4;CZC4;CZC41;1;PHRGA;0
596;CZ;C4;CZC4;CZC42;2;PHRGA;0
597;CZ;C5;CZC5;CZC51;1;PHRGA;0
598;CZ;C5;CZC5;CZC52;2;PHRGA;0
599;CZ;C6;CZC6;CZC61;1;PHRGA;0
600;CZ;C6;CZC6;CZC62;2;PHRGA;0
601;ZU;B1;ZUB1;ZUB11;1;PHRGA;0
602;ZU;B1;ZUB1;ZUB12;2;PHRGA;0
603;ZU;B2;ZUB2;ZUB21;1;PHRGA;0
604;ZU;B2;ZUB2;ZUB22;2;PHRGA;0
605;ZU;B3;ZUB3;ZUB31;1;PHRGA;0
606;ZU;B3;ZUB3;ZUB32;2;PHRGA;0
607;ZU;B4;ZUB4;ZUB41;1;PHRGA;0
608;ZU;B4;ZUB4;ZUB42;2;PHRGA;0
609;ZU;B5;ZUB5;ZUB51;1;PHRGA;0
610;ZU;B5;ZUB5;ZUB52;2;PHRGA;0
611;ZU;B6;ZUB6;ZUB61;1;PHRGA;0
612;ZU;B6;ZUB6;ZUB62;2;PHRGA;0
613;ZU;C1;ZUC1;ZUC11;1;PHRGA;0
614;ZU;C1;ZUC1;ZUC12;2;PHRGA;0
615;ZU;C2;ZUC2;ZUC21;1;PHRGA;0
616;ZU;C2;ZUC2;ZUC22;2;PHRGA;0
617;ZU;C3;ZUC3;ZUC31;1;PHRGA;0
618;ZU;C3;ZUC3;ZUC32;2;PHRGA;0
619;ZU;C4;ZUC4;ZUC41;1;PHRGA;0
620;ZU;C4;ZUC4;ZUC42;2;PHRGA;0
621;ZU;C5;ZUC5;ZUC51;1;PHRGA;0
622;ZU;C5;ZUC5;ZUC52;2;PHRGA;0
623;ZU;C6;ZUC6;ZUC61;1;PHRGA;0
624;ZU;C6;ZUC6;ZUC62;2;PHRGA;0
625;TW;B1;TWB1;TWB11;1;PHRGA;0
626;TW;B1;TWB1;TWB12;2;PHRGA;0
627;TW;B2;TWB2;TWB21;1;PHRGA;0
628;TW;B2;TWB2;TWB22;2;PHRGA;0
629;TW;B3;TWB3;TWB31;1;PHRGA;0
630;TW;B3;TWB3;TWB32;2;PHRGA;0
631;TW;B4;TWB4;TWB41;1;PHRGA;0
632;TW;B4;TWB4;TWB42;2;PHRGA;0
633;TW;B5;TWB5;TWB51;1;PHRGA;0
634;TW;B5;TWB5;TWB52;2;PHRGA;0
635;TW;B6;TWB6;TWB61;1;PHRGA;0
636;TW;B6;TWB6;TWB62;2;PHRGA;0
637;TW;C1;TWC1;TWC11;1;PHRGA;0
638;TW;C1;TWC1;TWC12;2;PHRGA;0
639;TW;C2;TWC2;TWC21;1;PHRGA;0
640;TW;C2;TWC2;TWC22;2;PHRGA;0
641;TW;C3;TWC3;TWC31;1;PHRGA;0
642;TW;C3;TWC3;TWC32;2;PHRGA;0
643;TW;C4;TWC4;TWC41;1;PHRGA;0
644;TW;C4;TWC4;TWC42;2;PHRGA;0
645;TW;C5;TWC5;TWC51;1;PHRGA;0
646;TW;C5;TWC5;TWC52;2;PHRGA;0
647;TW;C6;TWC6;TWC61;1;PHRGA;1
648;TW;C6;TWC6;TWC62;2;PHRGA;0
649;CZ;B1;CZB1;CZB11;1;PIPBO;0
650;CZ;B1;CZB1;CZB12;2;PIPBO;0
651;CZ;B2;CZB2;CZB21;1;PIPBO;0
652;CZ;B2;CZB2;CZB22;2;PIPBO;0
653;CZ;B3;CZB3;CZB31;1;PIPBO;1
654;CZ;B3;CZB3;CZB32;2;PIPBO;0
655;CZ;B4;CZB4;CZB41;1;PIPBO;0
656;CZ;B4;CZB4;CZB42;2;PIPBO;0
657;CZ;B5;CZB5;CZB51;1;PIPBO;0
658;CZ;B5;CZB5;CZB52;2;PIPBO;0
659;CZ;B6;CZB6;CZB61;1;PIPBO;0
660;CZ;B6;CZB6;CZB62;2;PIPBO;0
661;CZ;C1;CZC1;CZC11;1;PIPBO;0
662;CZ;C1;CZC1;CZC12;2;PIPBO;0
663;CZ;C2;CZC2;CZC21;1;PIPBO;0
664;CZ;C2;CZC2;CZC22;2;PIPBO;0
665;CZ;C3;CZC3;CZC31;1;PIPBO;0
666;CZ;C3;CZC3;CZC32;2;PIPBO;0
667;CZ;C4;CZC4;CZC41;1;PIPBO;0
668;CZ;C4;CZC4;CZC42;2;PIPBO;0
669;CZ;C5;CZC5;CZC51;1;PIPBO;0
670;CZ;C5;CZC5;CZC52;2;PIPBO;0
671;CZ;C6;CZC6;CZC61;1;PIPBO;0
672;CZ;C6;CZC6;CZC62;2;PIPBO;0
673;ZU;B1;ZUB1;ZUB11;1;PIPBO;0
674;ZU;B1;ZUB1;ZUB12;2;PIPBO;0
675;ZU;B2;ZUB2;ZUB21;1;PIPBO;0
676;ZU;B2;ZUB2;ZUB22;2;PIPBO;0
677;ZU;B3;ZUB3;ZUB31;1;PIPBO;0
678;ZU;B3;ZUB3;ZUB32;2;PIPBO;0
679;ZU;B4;ZUB4;ZUB41;1;PIPBO;0
680;ZU;B4;ZUB4;ZUB42;2;PIPBO;0
681;ZU;B5;ZUB5;ZUB51;1;PIPBO;0
682;ZU;B5;ZUB5;ZUB52;2;PIPBO;0
683;ZU;B6;ZUB6;ZUB61;1;PIPBO;0
684;ZU;B6;ZUB6;ZUB62;2;PIPBO;0
685;ZU;C1;ZUC1;ZUC11;1;PIPBO;0
686;ZU;C1;ZUC1;ZUC12;2;PIPBO;0
687;ZU;C2;ZUC2;ZUC21;1;PIPBO;0
688;ZU;C2;ZUC2;ZUC22;2;PIPBO;0
689;ZU;C3;ZUC3;ZUC31;1;PIPBO;0
690;ZU;C3;ZUC3;ZUC32;2;PIPBO;0
691;ZU;C4;ZUC4;ZUC41;1;PIPBO;0
692;ZU;C4;ZUC4;ZUC42;2;PIPBO;0
693;ZU;C5;ZUC5;ZUC51;1;PIPBO;0
694;ZU;C5;ZUC5;ZUC52;2;PIPBO;0
695;ZU;C6;ZUC6;ZUC61;1;PIPBO;0
696;ZU;C6;ZUC6;ZUC62;2;PIPBO;0
697;TW;B1;TWB1;TWB11;1;PIPBO;0
698;TW;B1;TWB1;TWB12;2;PIPBO;0
699;TW;B2;TWB2;TWB21;1;PIPBO;0
700;TW;B2;TWB2;TWB22;2;PIPBO;0
701;TW;B3;TWB3;TWB31;1;PIPBO;0
702;TW;B3;TWB3;TWB32;2;PIPBO;0
703;TW;B4;TWB4;TWB41;1;PIPBO;0
704;TW;B4;TWB4;TWB42;2;PIPBO;0
705;TW;B5;TWB5;TWB51;1;PIPBO;0
706;TW;B5;TWB5;TWB52;2;PIPBO;0
707;TW;B6;TWB6;TWB61;1;PIPBO;0
708;TW;B6;TWB6;TWB62;2;PIPBO;0
709;TW;C1;TWC1;TWC11;1;PIPBO;0
710;TW;C1;TWC1;TWC12;2;PIPBO;0
711;TW;C2;TWC2;TWC21;1;PIPBO;0
712;TW;C2;TWC2;TWC22;2;PIPBO;0
713;TW;C3;TWC3;TWC31;1;PIPBO;0
714;TW;C3;TWC3;TWC32;2;PIPBO;0
715;TW;C4;TWC4;TWC41;1;PIPBO;0
716;TW;C4;TWC4;TWC42;2;PIPBO;0
717;TW;C5;TWC5;TWC51;1;PIPBO;0
718;TW;C5;TWC5;TWC52;2;PIPBO;0
719;TW;C6;TWC6;TWC61;1;PIPBO;0
720;TW;C6;TWC6;TWC62;2;PIPBO;0
721;CZ;B1;CZB1;CZB11;1;PSELO;0
722;CZ;B1;CZB1;CZB12;2;PSELO;0
723;CZ;B2;CZB2;CZB21;1;PSELO;2
724;CZ;B2;CZB2;CZB22;2;PSELO;0
725;CZ;B3;CZB3;CZB31;1;PSELO;0
726;CZ;B3;CZB3;CZB32;2;PSELO;0
727;CZ;B4;CZB4;CZB41;1;PSELO;0
728;CZ;B4;CZB4;CZB42;2;PSELO;0
729;CZ;B5;CZB5;CZB51;1;PSELO;0
730;CZ;B5;CZB5;CZB52;2;PSELO;0
731;CZ;B6;CZB6;CZB61;1;PSELO;0
732;CZ;B6;CZB6;CZB62;2;PSELO;0
733;CZ;C1;CZC1;CZC11;1;PSELO;0
734;CZ;C1;CZC1;CZC12;2;PSELO;0
735;CZ;C2;CZC2;CZC21;1;PSELO;0
736;CZ;C2;CZC2;CZC22;2;PSELO;0
737;CZ;C3;CZC3;CZC31;1;PSELO;0
738;CZ;C3;CZC3;CZC32;2;PSELO;0
739;CZ;C4;CZC4;CZC41;1;PSELO;0
740;CZ;C4;CZC4;CZC42;2;PSELO;0
741;CZ;C5;CZC5;CZC51;1;PSELO;0
742;CZ;C5;CZC5;CZC52;2;PSELO;0
743;CZ;C6;CZC6;CZC61;1;PSELO;0
744;CZ;C6;CZC6;CZC62;2;PSELO;0
745;ZU;B1;ZUB1;ZUB11;1;PSELO;0
746;ZU;B1;ZUB1;ZUB12;2;PSELO;0
747;ZU;B2;ZUB2;ZUB21;1;PSELO;0
748;ZU;B2;ZUB2;ZUB22;2;PSELO;0
749;ZU;B3;ZUB3;ZUB31;1;PSELO;0
750;ZU;B3;ZUB3;ZUB32;2;PSELO;0
751;ZU;B4;ZUB4;ZUB41;1;PSELO;0
752;ZU;B4;ZUB4;ZUB42;2;PSELO;0
753;ZU;B5;ZUB5;ZUB51;1;PSELO;0
754;ZU;B5;ZUB5;ZUB52;2;PSELO;0
755;ZU;B6;ZUB6;ZUB61;1;PSELO;0
756;ZU;B6;ZUB6;ZUB62;2;PSELO;0
757;ZU;C1;ZUC1;ZUC11;1;PSELO;0
758;ZU;C1;ZUC1;ZUC12;2;PSELO;0
759;ZU;C2;ZUC2;ZUC21;1;PSELO;0
760;ZU;C2;ZUC2;ZUC22;2;PSELO;0
761;ZU;C3;ZUC3;ZUC31;1;PSELO;0
762;ZU;C3;ZUC3;ZUC32;2;PSELO;0
763;ZU;C4;ZUC4;ZUC41;1;PSELO;0
764;ZU;C4;ZUC4;ZUC42;2;PSELO;0
765;ZU;C5;ZUC5;ZUC51;1;PSELO;0
766;ZU;C5;ZUC5;ZUC52;2;PSELO;0
767;ZU;C6;ZUC6;ZUC61;1;PSELO;0
768;ZU;C6;ZUC6;ZUC62;2;PSELO;0
769;TW;B1;TWB1;TWB11;1;PSELO;0
770;TW;B1;TWB1;TWB12;2;PSELO;0
771;TW;B2;TWB2;TWB21;1;PSELO;0
772;TW;B2;TWB2;TWB22;2;PSELO;0
773;TW;B3;TWB3;TWB31;1;PSELO;0
774;TW;B3;TWB3;TWB32;2;PSELO;0
775;TW;B4;TWB4;TWB41;1;PSELO;0
776;TW;B4;TWB4;TWB42;2;PSELO;0
777;TW;B5;TWB5;TWB51;1;PSELO;0
778;TW;B5;TWB5;TWB52;2;PSELO;0
779;TW;B6;TWB6;TWB61;1;PSELO;0
780;TW;B6;TWB6;TWB62;2;PSELO;0
781;TW;C1;TWC1;TWC11;1;PSELO;0
782;TW;C1;TWC1;TWC12;2;PSELO;0
783;TW;C2;TWC2;TWC21;1;PSELO;0
784;TW;C2;TWC2;TWC22;2;PSELO;0
785;TW;C3;TWC3;TWC31;1;PSELO;0
786;TW;C3;TWC3;TWC32;2;PSELO;0
787;TW;C4;TWC4;TWC41;1;PSELO;0
788;TW;C4;TWC4;TWC42;2;PSELO;0
789;TW;C5;TWC5;TWC51;1;PSELO;0
790;TW;C5;TWC5;TWC52;2;PSELO;0
791;TW;C6;TWC6;TWC61;1;PSELO;0
792;TW;C6;TWC6;TWC62;2;PSELO;0
793;CZ;B1;CZB1;CZB11;1;PYRRU;0
794;CZ;B1;CZB1;CZB12;2;PYRRU;0
795;CZ;B2;CZB2;CZB21;1;PYRRU;0
796;CZ;B2;CZB2;CZB22;2;PYRRU;0
797;CZ;B3;CZB3;CZB31;1;PYRRU;0
798;CZ;B3;CZB3;CZB32;2;PYRRU;2
799;CZ;B4;CZB4;CZB41;1;PYRRU;0
800;CZ;B4;CZB4;CZB42;2;PYRRU;0
801;CZ;B5;CZB5;CZB51;1;PYRRU;0
802;CZ;B5;CZB5;CZB52;2;PYRRU;0
803;CZ;B6;CZB6;CZB61;1;PYRRU;0
804;CZ;B6;CZB6;CZB62;2;PYRRU;0
805;CZ;C1;CZC1;CZC11;1;PYRRU;0
806;CZ;C1;CZC1;CZC12;2;PYRRU;0
807;CZ;C2;CZC2;CZC21;1;PYRRU;2
808;CZ;C2;CZC2;CZC22;2;PYRRU;0
809;CZ;C3;CZC3;CZC31;1;PYRRU;0
810;CZ;C3;CZC3;CZC32;2;PYRRU;0
811;CZ;C4;CZC4;CZC41;1;PYRRU;0
812;CZ;C4;CZC4;CZC42;2;PYRRU;0
813;CZ;C5;CZC5;CZC51;1;PYRRU;0
814;CZ;C5;CZC5;CZC52;2;PYRRU;0
815;CZ;C6;CZC6;CZC61;1;PYRRU;0
816;CZ;C6;CZC6;CZC62;2;PYRRU;0
817;ZU;B1;ZUB1;ZUB11;1;PYRRU;0
818;ZU;B1;ZUB1;ZUB12;2;PYRRU;0
819;ZU;B2;ZUB2;ZUB21;1;PYRRU;0
820;ZU;B2;ZUB2;ZUB22;2;PYRRU;0
821;ZU;B3;ZUB3;ZUB31;1;PYRRU;0
822;ZU;B3;ZUB3;ZUB32;2;PYRRU;0
823;ZU;B4;ZUB4;ZUB41;1;PYRRU;0
824;ZU;B4;ZUB4;ZUB42;2;PYRRU;0
825;ZU;B5;ZUB5;ZUB51;1;PYRRU;0
826;ZU;B5;ZUB5;ZUB52;2;PYRRU;0
827;ZU;B6;ZUB6;ZUB61;1;PYRRU;0
828;ZU;B6;ZUB6;ZUB62;2;PYRRU;0
829;ZU;C1;ZUC1;ZUC11;1;PYRRU;0
830;ZU;C1;ZUC1;ZUC12;2;PYRRU;0
831;ZU;C2;ZUC2;ZUC21;1;PYRRU;0
832;ZU;C2;ZUC2;ZUC22;2;PYRRU;0
833;ZU;C3;ZUC3;ZUC31;1;PYRRU;0
834;ZU;C3;ZUC3;ZUC32;2;PYRRU;0
835;ZU;C4;ZUC4;ZUC41;1;PYRRU;0
836;ZU;C4;ZUC4;ZUC42;2;PYRRU;0
837;ZU;C5;ZUC5;ZUC51;1;PYRRU;0
838;ZU;C5;ZUC5;ZUC52;2;PYRRU;0
839;ZU;C6;ZUC6;ZUC61;1;PYRRU;0
840;ZU;C6;ZUC6;ZUC62;2;PYRRU;0
841;TW;B1;TWB1;TWB11;1;PYRRU;0
842;TW;B1;TWB1;TWB12;2;PYRRU;1
843;TW;B2;TWB2;TWB21;1;PYRRU;0
844;TW;B2;TWB2;TWB22;2;PYRRU;0
845;TW;B3;TWB3;TWB31;1;PYRRU;0
846;TW;B3;TWB3;TWB32;2;PYRRU;0
847;TW;B4;TWB4;TWB41;1;PYRRU;0
848;TW;B4;TWB4;TWB42;2;PYRRU;0
849;TW;B5;TWB5;TWB51;1;PYRRU;0
850;TW;B5;TWB5;TWB52;2;PYRRU;0
851;TW;B6;TWB6;TWB61;1;PYRRU;0
852;TW;B6;TWB6;TWB62;2;PYRRU;0
853;TW;C1;TWC1;TWC11;1;PYRRU;0
854;TW;C1;TWC1;TWC12;2;PYRRU;0
855;TW;C2;TWC2;TWC21;1;PYRRU;0
856;TW;C2;TWC2;TWC22;2;PYRRU;0
857;TW;C3;TWC3;TWC31;1;PYRRU;0
858;TW;C3;TWC3;TWC32;2;PYRRU;0
859;TW;C4;TWC4;TWC41;1;PYRRU;0
860;TW;C4;TWC4;TWC42;2;PYRRU;0
861;TW;C5;TWC5;TWC51;1;PYRRU;0
862;TW;C5;TWC5;TWC52;2;PYRRU;0
863;TW;C6;TWC6;TWC61;1;PYRRU;0
864;TW;C6;TWC6;TWC62;2;PYRRU;0
865;CZ;B1;CZB1;CZB11;1;RHOFR;0
866;CZ;B1;CZB1;CZB12;2;RHOFR;0
867;CZ;B2;CZB2;CZB21;1;RHOFR;1
868;CZ;B2;CZB2;CZB22;2;RHOFR;0
869;CZ;B3;CZB3;CZB31;1;RHOFR;0
870;CZ;B3;CZB3;CZB32;2;RHOFR;0
871;CZ;B4;CZB4;CZB41;1;RHOFR;0
872;CZ;B4;CZB4;CZB42;2;RHOFR;0
873;CZ;B5;CZB5;CZB51;1;RHOFR;0
874;CZ;B5;CZB5;CZB52;2;RHOFR;0
875;CZ;B6;CZB6;CZB61;1;RHOFR;0
876;CZ;B6;CZB6;CZB62;2;RHOFR;0
877;CZ;C1;CZC1;CZC11;1;RHOFR;0
878;CZ;C1;CZC1;CZC12;2;RHOFR;0
879;CZ;C2;CZC2;CZC21;1;RHOFR;0
880;CZ;C2;CZC2;CZC22;2;RHOFR;0
881;CZ;C3;CZC3;CZC31;1;RHOFR;1
882;CZ;C3;CZC3;CZC32;2;RHOFR;0
883;CZ;C4;CZC4;CZC41;1;RHOFR;0
884;CZ;C4;CZC4;CZC42;2;RHOFR;0
885;CZ;C5;CZC5;CZC51;1;RHOFR;0
886;CZ;C5;CZC5;CZC52;2;RHOFR;0
887;CZ;C6;CZC6;CZC61;1;RHOFR;0
888;CZ;C6;CZC6;CZC62;2;RHOFR;0
889;ZU;B1;ZUB1;ZUB11;1;RHOFR;0
890;ZU;B1;ZUB1;ZUB12;2;RHOFR;0
891;ZU;B2;ZUB2;ZUB21;1;RHOFR;0
892;ZU;B2;ZUB2;ZUB22;2;RHOFR;0
893;ZU;B3;ZUB3;ZUB31;1;RHOFR;0
894;ZU;B3;ZUB3;ZUB32;2;RHOFR;0
895;ZU;B4;ZUB4;ZUB41;1;RHOFR;0
896;ZU;B4;ZUB4;ZUB42;2;RHOFR;0
897;ZU;B5;ZUB5;ZUB51;1;RHOFR;0
898;ZU;B5;ZUB5;ZUB52;2;RHOFR;0
899;ZU;B6;ZUB6;ZUB61;1;RHOFR;0
900;ZU;B6;ZUB6;ZUB62;2;RHOFR;0
901;ZU;C1;ZUC1;ZUC11;1;RHOFR;0
902;ZU;C1;ZUC1;ZUC12;2;RHOFR;0
903;ZU;C2;ZUC2;ZUC21;1;RHOFR;0
904;ZU;C2;ZUC2;ZUC22;2;RHOFR;0
905;ZU;C3;ZUC3;ZUC31;1;RHOFR;0
906;ZU;C3;ZUC3;ZUC32;2;RHOFR;0
907;ZU;C4;ZUC4;ZUC41;1;RHOFR;0
908;ZU;C4;ZUC4;ZUC42;2;RHOFR;0
909;ZU;C5;ZUC5;ZUC51;1;RHOFR;0
910;ZU;C5;ZUC5;ZUC52;2;RHOFR;0
911;ZU;C6;ZUC6;ZUC61;1;RHOFR;0
912;ZU;C6;ZUC6;ZUC62;2;RHOFR;0
913;TW;B1;TWB1;TWB11;1;RHOFR;0
914;TW;B1;TWB1;TWB12;2;RHOFR;0
915;TW;B2;TWB2;TWB21;1;RHOFR;0
916;TW;B2;TWB2;TWB22;2;RHOFR;0
917;TW;B3;TWB3;TWB31;1;RHOFR;0
918;TW;B3;TWB3;TWB32;2;RHOFR;0
919;TW;B4;TWB4;TWB41;1;RHOFR;0
920;TW;B4;TWB4;TWB42;2;RHOFR;0
921;TW;B5;TWB5;TWB51;1;RHOFR;0
922;TW;B5;TWB5;TWB52;2;RHOFR;0
923;TW;B6;TWB6;TWB61;1;RHOFR;0
924;TW;B6;TWB6;TWB62;2;RHOFR;0
925;TW;C1;TWC1;TWC11;1;RHOFR;0
926;TW;C1;TWC1;TWC12;2;RHOFR;0
927;TW;C2;TWC2;TWC21;1;RHOFR;0
928;TW;C2;TWC2;TWC22;2;RHOFR;0
929;TW;C3;TWC3;TWC31;1;RHOFR;0
930;TW;C3;TWC3;TWC32;2;RHOFR;0
931;TW;C4;TWC4;TWC41;1;RHOFR;0
932;TW;C4;TWC4;TWC42;2;RHOFR;0
933;TW;C5;TWC5;TWC51;1;RHOFR;0
934;TW;C5;TWC5;TWC52;2;RHOFR;0
935;TW;C6;TWC6;TWC61;1;RHOFR;0
936;TW;C6;TWC6;TWC62;2;RHOFR;0
937;CZ;B1;CZB1;CZB11;1;SICLU;3
938;CZ;B1;CZB1;CZB12;2;SICLU;8
939;CZ;B2;CZB2;CZB21;1;SICLU;1
940;CZ;B2;CZB2;CZB22;2;SICLU;7
941;CZ;B3;CZB3;CZB31;1;SICLU;2
942;CZ;B3;CZB3;CZB32;2;SICLU;0
943;CZ;B4;CZB4;CZB41;1;SICLU;4
944;CZ;B4;CZB4;CZB42;2;SICLU;1
945;CZ;B5;CZB5;CZB51;1;SICLU;1
946;CZ;B5;CZB5;CZB52;2;SICLU;0
947;CZ;B6;CZB6;CZB61;1;SICLU;1
948;CZ;B6;CZB6;CZB62;2;SICLU;0
949;CZ;C1;CZC1;CZC11;1;SICLU;7
950;CZ;C1;CZC1;CZC12;2;SICLU;4
951;CZ;C2;CZC2;CZC21;1;SICLU;2
952;CZ;C2;CZC2;CZC22;2;SICLU;1
953;CZ;C3;CZC3;CZC31;1;SICLU;0
954;CZ;C3;CZC3;CZC32;2;SICLU;2
955;CZ;C4;CZC4;CZC41;1;SICLU;4
956;CZ;C4;CZC4;CZC42;2;SICLU;0
957;CZ;C5;CZC5;CZC51;1;SICLU;1
958;CZ;C5;CZC5;CZC52;2;SICLU;0
959;CZ;C6;CZC6;CZC61;1;SICLU;2
960;CZ;C6;CZC6;CZC62;2;SICLU;0
961;ZU;B1;ZUB1;ZUB11;1;SICLU;0
962;ZU;B1;ZUB1;ZUB12;2;SICLU;7
963;ZU;B2;ZUB2;ZUB21;1;SICLU;2
964;ZU;B2;ZUB2;ZUB22;2;SICLU;1
965;ZU;B3;ZUB3;ZUB31;1;SICLU;4
966;ZU;B3;ZUB3;ZUB32;2;SICLU;0
967;ZU;B4;ZUB4;ZUB41;1;SICLU;1
968;ZU;B4;ZUB4;ZUB42;2;SICLU;1
969;ZU;B5;ZUB5;ZUB51;1;SICLU;18
970;ZU;B5;ZUB5;ZUB52;2;SICLU;2
971;ZU;B6;ZUB6;ZUB61;1;SICLU;1
972;ZU;B6;ZUB6;ZUB62;2;SICLU;4
973;ZU;C1;ZUC1;ZUC11;1;SICLU;6
974;ZU;C1;ZUC1;ZUC12;2;SICLU;1
975;ZU;C2;ZUC2;ZUC21;1;SICLU;2
976;ZU;C2;ZUC2;ZUC22;2;SICLU;1
977;ZU;C3;ZUC3;ZUC31;1;SICLU;1
978;ZU;C3;ZUC3;ZUC32;2;SICLU;2
979;ZU;C4;ZUC4;ZUC41;1;SICLU;2
980;ZU;C4;ZUC4;ZUC42;2;SICLU;3
981;ZU;C5;ZUC5;ZUC51;1;SICLU;1
982;ZU;C5;ZUC5;ZUC52;2;SICLU;0
983;ZU;C6;ZUC6;ZUC61;1;SICLU;2
984;ZU;C6;ZUC6;ZUC62;2;SICLU;5
985;TW;B1;TWB1;TWB11;1;SICLU;7
986;TW;B1;TWB1;TWB12;2;SICLU;2
987;TW;B2;TWB2;TWB21;1;SICLU;4
988;TW;B2;TWB2;TWB22;2;SICLU;7
989;TW;B3;TWB3;TWB31;1;SICLU;1
990;TW;B3;TWB3;TWB32;2;SICLU;4
991;TW;B4;TWB4;TWB41;1;SICLU;0
992;TW;B4;TWB4;TWB42;2;SICLU;1
993;TW;B5;TWB5;TWB51;1;SICLU;6
994;TW;B5;TWB5;TWB52;2;SICLU;2
995;TW;B6;TWB6;TWB61;1;SICLU;0
996;TW;B6;TWB6;TWB62;2;SICLU;0
997;TW;C1;TWC1;TWC11;1;SICLU;0
998;TW;C1;TWC1;TWC12;2;SICLU;3
999;TW;C2;TWC2;TWC21;1;SICLU;3
1000;TW;C2;TWC2;TWC22;2;SICLU;2
1001;TW;C3;TWC3;TWC31;1;SICLU;6
1002;TW;C3;TWC3;TWC32;2;SICLU;2
1003;TW;C4;TWC4;TWC41;1;SICLU;2
1004;TW;C4;TWC4;TWC42;2;SICLU;0
1005;TW;C5;TWC5;TWC51;1;SICLU;5
1006;TW;C5;TWC5;TWC52;2;SICLU;0
1007;TW;C6;TWC6;TWC61;1;SICLU;5
1008;TW;C6;TWC6;TWC62;2;SICLU;1
1009;CZ;B1;CZB1;CZB11;1;SPIBA;0
1010;CZ;B1;CZB1;CZB12;2;SPIBA;0
1011;CZ;B2;CZB2;CZB21;1;SPIBA;0
1012;CZ;B2;CZB2;CZB22;2;SPIBA;3
1013;CZ;B3;CZB3;CZB31;1;SPIBA;0
1014;CZ;B3;CZB3;CZB32;2;SPIBA;1
1015;CZ;B4;CZB4;CZB41;1;SPIBA;0
1016;CZ;B4;CZB4;CZB42;2;SPIBA;0
1017;CZ;B5;CZB5;CZB51;1;SPIBA;1
1018;CZ;B5;CZB5;CZB52;2;SPIBA;0
1019;CZ;B6;CZB6;CZB61;1;SPIBA;0
1020;CZ;B6;CZB6;CZB62;2;SPIBA;0
1021;CZ;C1;CZC1;CZC11;1;SPIBA;0
1022;CZ;C1;CZC1;CZC12;2;SPIBA;0
1023;CZ;C2;CZC2;CZC21;1;SPIBA;0
1024;CZ;C2;CZC2;CZC22;2;SPIBA;0
1025;CZ;C3;CZC3;CZC31;1;SPIBA;1
1026;CZ;C3;CZC3;CZC32;2;SPIBA;1
1027;CZ;C4;CZC4;CZC41;1;SPIBA;0
1028;CZ;C4;CZC4;CZC42;2;SPIBA;0
1029;CZ;C5;CZC5;CZC51;1;SPIBA;0
1030;CZ;C5;CZC5;CZC52;2;SPIBA;0
1031;CZ;C6;CZC6;CZC61;1;SPIBA;0
1032;CZ;C6;CZC6;CZC62;2;SPIBA;0
1033;ZU;B1;ZUB1;ZUB11;1;SPIBA;0
1034;ZU;B1;ZUB1;ZUB12;2;SPIBA;0
1035;ZU;B2;ZUB2;ZUB21;1;SPIBA;0
1036;ZU;B2;ZUB2;ZUB22;2;SPIBA;0
1037;ZU;B3;ZUB3;ZUB31;1;SPIBA;0
1038;ZU;B3;ZUB3;ZUB32;2;SPIBA;0
1039;ZU;B4;ZUB4;ZUB41;1;SPIBA;0
1040;ZU;B4;ZUB4;ZUB42;2;SPIBA;0
1041;ZU;B5;ZUB5;ZUB51;1;SPIBA;0
1042;ZU;B5;ZUB5;ZUB52;2;SPIBA;0
1043;ZU;B6;ZUB6;ZUB61;1;SPIBA;0
1044;ZU;B6;ZUB6;ZUB62;2;SPIBA;0
1045;ZU;C1;ZUC1;ZUC11;1;SPIBA;0
1046;ZU;C1;ZUC1;ZUC12;2;SPIBA;0
1047;ZU;C2;ZUC2;ZUC21;1;SPIBA;0
1048;ZU;C2;ZUC2;ZUC22;2;SPIBA;0
1049;ZU;C3;ZUC3;ZUC31;1;SPIBA;0
1050;ZU;C3;ZUC3;ZUC32;2;SPIBA;0
1051;ZU;C4;ZUC4;ZUC41;1;SPIBA;0
1052;ZU;C4;ZUC4;ZUC42;2;SPIBA;0
1053;ZU;C5;ZUC5;ZUC51;1;SPIBA;0
1054;ZU;C5;ZUC5;ZUC52;2;SPIBA;0
1055;ZU;C6;ZUC6;ZUC61;1;SPIBA;0
1056;ZU;C6;ZUC6;ZUC62;2;SPIBA;0
1057;TW;B1;TWB1;TWB11;1;SPIBA;0
1058;TW;B1;TWB1;TWB12;2;SPIBA;0
1059;TW;B2;TWB2;TWB21;1;SPIBA;0
1060;TW;B2;TWB2;TWB22;2;SPIBA;0
1061;TW;B3;TWB3;TWB31;1;SPIBA;0
1062;TW;B3;TWB3;TWB32;2;SPIBA;0
1063;TW;B4;TWB4;TWB41;1;SPIBA;0
1064;TW;B4;TWB4;TWB42;2;SPIBA;0
1065;TW;B5;TWB5;TWB51;1;SPIBA;0
1066;TW;B5;TWB5;TWB52;2;SPIBA;0
1067;TW;B6;TWB6;TWB61;1;SPIBA;0
1068;TW;B6;TWB6;TWB62;2;SPIBA;0
1069;TW;C1;TWC1;TWC11;1;SPIBA;0
1070;TW;C1;TWC1;TWC12;2;SPIBA;0
1071;TW;C2;TWC2;TWC21;1;SPIBA;0
1072;TW;C2;TWC2;TWC22;2;SPIBA;0
1073;TW;C3;TWC3;TWC31;1;SPIBA;0
1074;TW;C3;TWC3;TWC32;2;SPIBA;0
1075;TW;C4;TWC4;TWC41;1;SPIBA;0
1076;TW;C4;TWC4;TWC42;2;SPIBA;0
1077;TW;C5;TWC5;TWC51;1;SPIBA;0
1078;TW;C5;TWC5;TWC52;2;SPIBA;0
1079;TW;C6;TWC6;TWC61;1;SPIBA;0
1080;TW;C6;TWC6;TWC62;2;SPIBA;0
1081;CZ;B1;CZB1;CZB11;1;TYRME;0
1082;CZ;B1;CZB1;CZB12;2;TYRME;0
1083;CZ;B2;CZB2;CZB21;1;TYRME;0
1084;CZ;B2;CZB2;CZB22;2;TYRME;0
1085;CZ;B3;CZB3;CZB31;1;TYRME;0
1086;CZ;B3;CZB3;CZB32;2;TYRME;0
1087;CZ;B4;CZB4;CZB41;1;TYRME;0
1088;CZ;B4;CZB4;CZB42;2;TYRME;0
1089;CZ;B5;CZB5;CZB51;1;TYRME;0
1090;CZ;B5;CZB5;CZB52;2;TYRME;0
1091;CZ;B6;CZB6;CZB61;1;TYRME;0
1092;CZ;B6;CZB6;CZB62;2;TYRME;1
1093;CZ;C1;CZC1;CZC11;1;TYRME;0
1094;CZ;C1;CZC1;CZC12;2;TYRME;0
1095;CZ;C2;CZC2;CZC21;1;TYRME;0
1096;CZ;C2;CZC2;CZC22;2;TYRME;0
1097;CZ;C3;CZC3;CZC31;1;TYRME;0
1098;CZ;C3;CZC3;CZC32;2;TYRME;0
1099;CZ;C4;CZC4;CZC41;1;TYRME;0
1100;CZ;C4;CZC4;CZC42;2;TYRME;0
1101;CZ;C5;CZC5;CZC51;1;TYRME;0
1102;CZ;C5;CZC5;CZC52;2;TYRME;0
1103;CZ;C6;CZC6;CZC61;1;TYRME;0
1104;CZ;C6;CZC6;CZC62;2;TYRME;0
1105;ZU;B1;ZUB1;ZUB11;1;TYRME;0
1106;ZU;B1;ZUB1;ZUB12;2;TYRME;0
1107;ZU;B2;ZUB2;ZUB21;1;TYRME;0
1108;ZU;B2;ZUB2;ZUB22;2;TYRME;0
1109;ZU;B3;ZUB3;ZUB31;1;TYRME;0
1110;ZU;B3;ZUB3;ZUB32;2;TYRME;0
1111;ZU;B4;ZUB4;ZUB41;1;TYRME;0
1112;ZU;B4;ZUB4;ZUB42;2;TYRME;0
1113;ZU;B5;ZUB5;ZUB51;1;TYRME;0
1114;ZU;B5;ZUB5;ZUB52;2;TYRME;0
1115;ZU;B6;ZUB6;ZUB61;1;TYRME;0
1116;ZU;B6;ZUB6;ZUB62;2;TYRME;0
1117;ZU;C1;ZUC1;ZUC11;1;TYRME;0
1118;ZU;C1;ZUC1;ZUC12;2;TYRME;0
1119;ZU;C2;ZUC2;ZUC21;1;TYRME;0
1120;ZU;C2;ZUC2;ZUC22;2;TYRME;0
1121;ZU;C3;ZUC3;ZUC31;1;TYRME;0
1122;ZU;C3;ZUC3;ZUC32;2;TYRME;0
1123;ZU;C4;ZUC4;ZUC41;1;TYRME;0
1124;ZU;C4;ZUC4;ZUC42;2;TYRME;0
1125;ZU;C5;ZUC5;ZUC51;1;TYRME;0
1126;ZU;C5;ZUC5;ZUC52;2;TYRME;0
1127;ZU;C6;ZUC6;ZUC61;1;TYRME;0
1128;ZU;C6;ZUC6;ZUC62;2;TYRME;0
1129;TW;B1;TWB1;TWB11;1;TYRME;0
1130;TW;B1;TWB1;TWB12;2;TYRME;0
1131;TW;B2;TWB2;TWB21;1;TYRME;0
1132;TW;B2;TWB2;TWB22;2;TYRME;0
1133;TW;B3;TWB3;TWB31;1;TYRME;0
1134;TW;B3;TWB3;TWB32;2;TYRME;0
1135;TW;B4;TWB4;TWB41;1;TYRME;0
1136;TW;B4;TWB4;TWB42;2;TYRME;0
1137;TW;B5;TWB5;TWB51;1;TYRME;0
1138;TW;B5;TWB5;TWB52;2;TYRME;0
1139;TW;B6;TWB6;TWB61;1;TYRME;0
1140;TW;B6;TWB6;TWB62;2;TYRME;0
1141;TW;C1;TWC1;TWC11;1;TYRME;0
1142;TW;C1;TWC1;TWC12;2;TYRME;0
1143;TW;C2;TWC2;TWC21;1;TYRME;0
1144;TW;C2;TWC2;TWC22;2;TYRME;0
1145;TW;C3;TWC3;TWC31;1;TYRME;0
1146;TW;C3;TWC3;TWC32;2;TYRME;0
1147;TW;C4;TWC4;TWC41;1;TYRME;0
1148;TW;C4;TWC4;TWC42;2;TYRME;0
1149;TW;C5;TWC5;TWC51;1;TYRME;0
1150;TW;C5;TWC5;TWC52;2;TYRME;0
1151;TW;C6;TWC6;TWC61;1;TYRME;0
1152;TW;C6;TWC6;TWC62;2;TYRME;0
1153;CZ;B1;CZB1;CZB11;1;TYRSA;0
1154;CZ;B1;CZB1;CZB12;2;TYRSA;1
1155;CZ;B2;CZB2;CZB21;1;TYRSA;1
1156;CZ;B2;CZB2;CZB22;2;TYRSA;0
1157;CZ;B3;CZB3;CZB31;1;TYRSA;0
1158;CZ;B3;CZB3;CZB32;2;TYRSA;0
1159;CZ;B4;CZB4;CZB41;1;TYRSA;1
1160;CZ;B4;CZB4;CZB42;2;TYRSA;1
1161;CZ;B5;CZB5;CZB51;1;TYRSA;2
1162;CZ;B5;CZB5;CZB52;2;TYRSA;0
1163;CZ;B6;CZB6;CZB61;1;TYRSA;0
1164;CZ;B6;CZB6;CZB62;2;TYRSA;1
1165;CZ;C1;CZC1;CZC11;1;TYRSA;0
1166;CZ;C1;CZC1;CZC12;2;TYRSA;0
1167;CZ;C2;CZC2;CZC21;1;TYRSA;3
1168;CZ;C2;CZC2;CZC22;2;TYRSA;0
1169;CZ;C3;CZC3;CZC31;1;TYRSA;4
1170;CZ;C3;CZC3;CZC32;2;TYRSA;0
1171;CZ;C4;CZC4;CZC41;1;TYRSA;1
1172;CZ;C4;CZC4;CZC42;2;TYRSA;0
1173;CZ;C5;CZC5;CZC51;1;TYRSA;1
1174;CZ;C5;CZC5;CZC52;2;TYRSA;0
1175;CZ;C6;CZC6;CZC61;1;TYRSA;0
1176;CZ;C6;CZC6;CZC62;2;TYRSA;0
1177;ZU;B1;ZUB1;ZUB11;1;TYRSA;0
1178;ZU;B1;ZUB1;ZUB12;2;TYRSA;0
1179;ZU;B2;ZUB2;ZUB21;1;TYRSA;0
1180;ZU;B2;ZUB2;ZUB22;2;TYRSA;0
1181;ZU;B3;ZUB3;ZUB31;1;TYRSA;0
1182;ZU;B3;ZUB3;ZUB32;2;TYRSA;0
1183;ZU;B4;ZUB4;ZUB41;1;TYRSA;0
1184;ZU;B4;ZUB4;ZUB42;2;TYRSA;0
1185;ZU;B5;ZUB5;ZUB51;1;TYRSA;0
1186;ZU;B5;ZUB5;ZUB52;2;TYRSA;0
1187;ZU;B6;ZUB6;ZUB61;1;TYRSA;0
1188;ZU;B6;ZUB6;ZUB62;2;TYRSA;0
1189;ZU;C1;ZUC1;ZUC11;1;TYRSA;1
1190;ZU;C1;ZUC1;ZUC12;2;TYRSA;1
1191;ZU;C2;ZUC2;ZUC21;1;TYRSA;0
1192;ZU;C2;ZUC2;ZUC22;2;TYRSA;3
1193;ZU;C3;ZUC3;ZUC31;1;TYRSA;0
1194;ZU;C3;ZUC3;ZUC32;2;TYRSA;0
1195;ZU;C4;ZUC4;ZUC41;1;TYRSA;0
1196;ZU;C4;ZUC4;ZUC42;2;TYRSA;0
1197;ZU;C5;ZUC5;ZUC51;1;TYRSA;0
1198;ZU;C5;ZUC5;ZUC52;2;TYRSA;0
1199;ZU;C6;ZUC6;ZUC61;1;TYRSA;0
1200;ZU;C6;ZUC6;ZUC62;2;TYRSA;0
1201;TW;B1;TWB1;TWB11;1;TYRSA;0
1202;TW;B1;TWB1;TWB12;2;TYRSA;1
1203;TW;B2;TWB2;TWB21;1;TYRSA;2
1204;TW;B2;TWB2;TWB22;2;TYRSA;0
1205;TW;B3;TWB3;TWB31;1;TYRSA;0
1206;TW;B3;TWB3;TWB32;2;TYRSA;0
1207;TW;B4;TWB4;TWB41;1;TYRSA;1
1208;TW;B4;TWB4;TWB42;2;TYRSA;1
1209;TW;B5;TWB5;TWB51;1;TYRSA;0
1210;TW;B5;TWB5;TWB52;2;TYRSA;0
1211;TW;B6;TWB6;TWB61;1;TYRSA;0
1212;TW;B6;TWB6;TWB62;2;TYRSA;0
1213;TW;C1;TWC1;TWC11;1;TYRSA;0
1214;TW;C1;TWC1;TWC12;2;TYRSA;0
1215;TW;C2;TWC2;TWC21;1;TYRSA;0
1216;TW;C2;TWC2;TWC22;2;TYRSA;0
1217;TW;C3;TWC3;TWC31;1;TYRSA;1
1218;TW;C3;TWC3;TWC32;2;TYRSA;0
1219;TW;C4;TWC4;TWC41;1;TYRSA;0
1220;TW;C4;TWC4;TWC42;2;TYRSA;0
1221;TW;C5;TWC5;TWC51;1;TYRSA;0
1222;TW;C5;TWC5;TWC52;2;TYRSA;0
1223;TW;C6;TWC6;TWC61;1;TYRSA;1
1224;TW;C6;TWC6;TWC62;2;TYRSA;1
1225;CZ;B1;CZB1;CZB11;1;ZENAU;0
1226;CZ;B1;CZB1;CZB12;2;ZENAU;0
1227;CZ;B2;CZB2;CZB21;1;ZENAU;0
1228;CZ;B2;CZB2;CZB22;2;ZENAU;0
1229;CZ;B3;CZB3;CZB31;1;ZENAU;0
1230;CZ;B3;CZB3;CZB32;2;ZENAU;0
1231;CZ;B4;CZB4;CZB41;1;ZENAU;0
1232;CZ;B4;CZB4;CZB42;2;ZENAU;0
1233;CZ;B5;CZB5;CZB51;1;ZENAU;0
1234;CZ;B5;CZB5;CZB52;2;ZENAU;0
1235;CZ;B6;CZB6;CZB61;1;ZENAU;0
1236;CZ;B6;CZB6;CZB62;2;ZENAU;0
1237;CZ;C1;CZC1;CZC11;1;ZENAU;0
1238;CZ;C1;CZC1;CZC12;2;ZENAU;0
1239;CZ;C2;CZC2;CZC21;1;ZENAU;0
1240;CZ;C2;CZC2;CZC22;2;ZENAU;0
1241;CZ;C3;CZC3;CZC31;1;ZENAU;0
1242;CZ;C3;CZC3;CZC32;2;ZENAU;0
1243;CZ;C4;CZC4;CZC41;1;ZENAU;0
1244;CZ;C4;CZC4;CZC42;2;ZENAU;2
1245;CZ;C5;CZC5;CZC51;1;ZENAU;0
1246;CZ;C5;CZC5;CZC52;2;ZENAU;0
1247;CZ;C6;CZC6;CZC61;1;ZENAU;0
1248;CZ;C6;CZC6;CZC62;2;ZENAU;0
1249;ZU;B1;ZUB1;ZUB11;1;ZENAU;0
1250;ZU;B1;ZUB1;ZUB12;2;ZENAU;1
1251;ZU;B2;ZUB2;ZUB21;1;ZENAU;0
1252;ZU;B2;ZUB2;ZUB22;2;ZENAU;0
1253;ZU;B3;ZUB3;ZUB31;1;ZENAU;0
1254;ZU;B3;ZUB3;ZUB32;2;ZENAU;0
1255;ZU;B4;ZUB4;ZUB41;1;ZENAU;0
1256;ZU;B4;ZUB4;ZUB42;2;ZENAU;0
1257;ZU;B5;ZUB5;ZUB51;1;ZENAU;0
1258;ZU;B5;ZUB5;ZUB52;2;ZENAU;0
1259;ZU;B6;ZUB6;ZUB61;1;ZENAU;0
1260;ZU;B6;ZUB6;ZUB62;2;ZENAU;0
1261;ZU;C1;ZUC1;ZUC11;1;ZENAU;0
1262;ZU;C1;ZUC1;ZUC12;2;ZENAU;0
1263;ZU;C2;ZUC2;ZUC21;1;ZENAU;0
1264;ZU;C2;ZUC2;ZUC22;2;ZENAU;0
1265;ZU;C3;ZUC3;ZUC31;1;ZENAU;0
1266;ZU;C3;ZUC3;ZUC32;2;ZENAU;0
1267;ZU;C4;ZUC4;ZUC41;1;ZENAU;0
1268;ZU;C4;ZUC4;ZUC42;2;ZENAU;0
1269;ZU;C5;ZUC5;ZUC51;1;ZENAU;1
1270;ZU;C5;ZUC5;ZUC52;2;ZENAU;0
1271;ZU;C6;ZUC6;ZUC61;1;ZENAU;0
1272;ZU;C6;ZUC6;ZUC62;2;ZENAU;0
1273;TW;B1;TWB1;TWB11;1;ZENAU;0
1274;TW;B1;TWB1;TWB12;2;ZENAU;1
1275;TW;B2;TWB2;TWB21;1;ZENAU;0
1276;TW;B2;TWB2;TWB22;2;ZENAU;0
1277;TW;B3;TWB3;TWB31;1;ZENAU;0
1278;TW;B3;TWB3;TWB32;2;ZENAU;0
1279;TW;B4;TWB4;TWB41;1;ZENAU;0
1280;TW;B4;TWB4;TWB42;2;ZENAU;0
1281;TW;B5;TWB5;TWB51;1;ZENAU;0
1282;TW;B5;TWB5;TWB52;2;ZENAU;0
1283;TW;B6;TWB6;TWB61;1;ZENAU;0
1284;TW;B6;TWB6;TWB62;2;ZENAU;0
1285;TW;C1;TWC1;TWC11;1;ZENAU;0
1286;TW;C1;TWC1;TWC12;2;ZENAU;0
1287;TW;C2;TWC2;TWC21;1;ZENAU;1
1288;TW;C2;TWC2;TWC22;2;ZENAU;0
1289;TW;C3;TWC3;TWC31;1;ZENAU;0
1290;TW;C3;TWC3;TWC32;2;ZENAU;0
1291;TW;C4;TWC4;TWC41;1;ZENAU;3
1292;TW;C4;TWC4;TWC42;2;ZENAU;0
1293;TW;C5;TWC5;TWC51;1;ZENAU;0
1294;TW;C5;TWC5;TWC52;2;ZENAU;0
1295;TW;C6;TWC6;TWC61;1;ZENAU;1
1296;TW;C6;TWC6;TWC62;2;ZENAU;0
1297;CZ;B1;CZB1;CZB11;1;ZONCA;1
1298;CZ;B1;CZB1;CZB12;2;ZONCA;1
1299;CZ;B2;CZB2;CZB21;1;ZONCA;1
1300;CZ;B2;CZB2;CZB22;2;ZONCA;0
1301;CZ;B3;CZB3;CZB31;1;ZONCA;0
1302;CZ;B3;CZB3;CZB32;2;ZONCA;0
1303;CZ;B4;CZB4;CZB41;1;ZONCA;2
1304;CZ;B4;CZB4;CZB42;2;ZONCA;2
1305;CZ;B5;CZB5;CZB51;1;ZONCA;1
1306;CZ;B5;CZB5;CZB52;2;ZONCA;0
1307;CZ;B6;CZB6;CZB61;1;ZONCA;0
1308;CZ;B6;CZB6;CZB62;2;ZONCA;0
1309;CZ;C1;CZC1;CZC11;1;ZONCA;0
1310;CZ;C1;CZC1;CZC12;2;ZONCA;0
1311;CZ;C2;CZC2;CZC21;1;ZONCA;0
1312;CZ;C2;CZC2;CZC22;2;ZONCA;0
1313;CZ;C3;CZC3;CZC31;1;ZONCA;5
1314;CZ;C3;CZC3;CZC32;2;ZONCA;3
1315;CZ;C4;CZC4;CZC41;1;ZONCA;1
1316;CZ;C4;CZC4;CZC42;2;ZONCA;0
1317;CZ;C5;CZC5;CZC51;1;ZONCA;0
1318;CZ;C5;CZC5;CZC52;2;ZONCA;0
1319;CZ;C6;CZC6;CZC61;1;ZONCA;0
1320;CZ;C6;CZC6;CZC62;2;ZONCA;0
1321;ZU;B1;ZUB1;ZUB11;1;ZONCA;0
1322;ZU;B1;ZUB1;ZUB12;2;ZONCA;0
1323;ZU;B2;ZUB2;ZUB21;1;ZONCA;0
1324;ZU;B2;ZUB2;ZUB22;2;ZONCA;0
1325;ZU;B3;ZUB3;ZUB31;1;ZONCA;0
1326;ZU;B3;ZUB3;ZUB32;2;ZONCA;0
1327;ZU;B4;ZUB4;ZUB41;1;ZONCA;0
1328;ZU;B4;ZUB4;ZUB42;2;ZONCA;1
1329;ZU;B5;ZUB5;ZUB51;1;ZONCA;0
1330;ZU;B5;ZUB5;ZUB52;2;ZONCA;1
1331;ZU;B6;ZUB6;ZUB61;1;ZONCA;0
1332;ZU;B6;ZUB6;ZUB62;2;ZONCA;1
1333;ZU;C1;ZUC1;ZUC11;1;ZONCA;0
1334;ZU;C1;ZUC1;ZUC12;2;ZONCA;0
1335;ZU;C2;ZUC2;ZUC21;1;ZONCA;0
1336;ZU;C2;ZUC2;ZUC22;2;ZONCA;0
1337;ZU;C3;ZUC3;ZUC31;1;ZONCA;0
1338;ZU;C3;ZUC3;ZUC32;2;ZONCA;1
1339;ZU;C4;ZUC4;ZUC41;1;ZONCA;0
1340;ZU;C4;ZUC4;ZUC42;2;ZONCA;0
1341;ZU;C5;ZUC5;ZUC51;1;ZONCA;0
1342;ZU;C5;ZUC5;ZUC52;2;ZONCA;1
1343;ZU;C6;ZUC6;ZUC61;1;ZONCA;0
1344;ZU;C6;ZUC6;ZUC62;2;ZONCA;0
1345;TW;B1;TWB1;TWB11;1;ZONCA;1
1346;TW;B1;TWB1;TWB12;2;ZONCA;3
1347;TW;B2;TWB2;TWB21;1;ZONCA;2
1348;TW;B2;TWB2;TWB22;2;ZONCA;2
1349;TW;B3;TWB3;TWB31;1;ZONCA;0
1350;TW;B3;TWB3;TWB32;2;ZONCA;1
1351;TW;B4;TWB4;TWB41;1;ZONCA;3
1352;TW;B4;TWB4;TWB42;2;ZONCA;1
1353;TW;B5;TWB5;TWB51;1;ZONCA;1
1354;TW;B5;TWB5;TWB52;2;ZONCA;3
1355;TW;B6;TWB6;TWB61;1;ZONCA;0
1356;TW;B6;TWB6;TWB62;2;ZONCA;1
1357;TW;C1;TWC1;TWC11;1;ZONCA;2
1358;TW;C1;TWC1;TWC12;2;ZONCA;1
1359;TW;C2;TWC2;TWC21;1;ZONCA;1
1360;TW;C2;TWC2;TWC22;2;ZONCA;2
1361;TW;C3;TWC3;TWC31;1;ZONCA;2
1362;TW;C3;TWC3;TWC32;2;ZONCA;4
1363;TW;C4;TWC4;TWC41;1;ZONCA;2
1364;TW;C4;TWC4;TWC42;2;ZONCA;1
1365;TW;C5;TWC5;TWC51;1;ZONCA;1
1366;TW;C5;TWC5;TWC52;2;ZONCA;5
1367;TW;C6;TWC6;TWC61;1;ZONCA;2
1368;TW;C6;TWC6;TWC62;2;ZONCA;4
